Date,Alert_Signal_Time,Entry_Time,Exit_Time,Symbol,Direction,Entry_Price,Exit_Price,SL_Price,Target1_Price,Target2_Price,Shares,Outcome,PnL_Rs,Return_Pct,Capital_After
2023-11-23,09:05 AM,09:15 AM,10:45 AM,CGPOWER,LONG,494.48,484.59,484.59,509.31,519.2,101,HIT_SL,-998.63,-0.009986,99001.37
2023-11-23,09:05 AM,09:15 AM,11:15 AM,ANANDRATHI,LONG,607.21,625.42,595.07,625.42,637.56,81,HIT_T1,1474.8,0.014897,100476.17
2023-11-23,09:05 AM,09:15 AM,10:45 AM,AUROPHARMA,LONG,1049.54,1028.55,1028.55,1081.02,1102.01,47,HIT_SL,-986.53,-0.009819,99489.65
2023-11-24,09:05 AM,09:15 AM,03:15 PM,ANANDRATHI,LONG,615.12,621.23,602.82,633.57,645.87,80,EXPIRED_SAME_DAY,488.98,0.004915,99978.63
2023-11-24,09:05 AM,09:15 AM,10:45 AM,CGPOWER,LONG,463.94,454.67,454.67,477.85,487.12,107,HIT_SL,-992.42,-0.009926,98986.21
2023-11-24,09:05 AM,09:15 AM,10:45 AM,BALRAMCHIN,LONG,464.74,455.44,455.44,478.69,487.99,106,HIT_SL,-985.67,-0.009958,98000.54
2023-11-28,09:05 AM,09:15 AM,03:15 PM,ANANDRATHI,LONG,621.45,625.36,609.03,640.08,652.5,78,EXPIRED_SAME_DAY,304.65,0.003109,98305.19
2023-11-28,09:05 AM,09:15 AM,10:45 AM,CGPOWER,LONG,429.94,421.34,421.34,442.84,451.44,114,HIT_SL,-980.08,-0.00997,97325.12
2023-11-28,09:05 AM,09:15 AM,03:15 PM,AEGISLOG,LONG,337.35,335.74,330.6,347.47,354.22,144,EXPIRED_SAME_DAY,-231.74,-0.002381,97093.38
2023-11-29,09:05 AM,09:15 AM,01:30 PM,ATGL,LONG,699.31,734.29,685.32,720.3,734.29,69,HIT_T2,2413.58,0.024858,99506.96
2023-11-29,09:05 AM,09:15 AM,01:30 PM,ADANIENSOL,LONG,899.0,943.95,881.02,925.97,943.95,55,HIT_T2,2472.25,0.024845,101979.21
2023-11-29,09:05 AM,09:15 AM,11:15 AM,ADANIPOWER,LONG,91.34,94.08,89.51,94.08,95.91,557,HIT_T1,1526.18,0.014966,103505.39
2023-11-30,09:05 AM,09:15 AM,10:45 AM,ATGL,LONG,746.26,731.34,731.34,768.64,783.56,69,HIT_SL,-1029.78,-0.009949,102475.61
2023-11-30,09:05 AM,09:15 AM,10:45 AM,ADANIENSOL,LONG,873.95,856.47,856.47,900.17,917.65,58,HIT_SL,-1013.84,-0.009893,101461.77
2023-11-30,09:05 AM,09:15 AM,01:30 PM,BHEL,LONG,164.73,172.96,161.44,169.67,172.96,308,HIT_T2,2534.15,0.024976,103995.92
2023-12-01,09:05 AM,09:15 AM,10:45 AM,ATGL,LONG,715.99,701.67,701.67,737.47,751.79,72,HIT_SL,-1031.35,-0.009917,102964.57
2023-12-01,09:05 AM,09:15 AM,03:15 PM,BHEL,LONG,170.3,169.45,166.89,175.41,178.82,301,EXPIRED_SAME_DAY,-255.2,-0.002479,102709.37
2023-12-01,09:05 AM,09:15 AM,10:45 AM,ADANIENSOL,LONG,872.65,855.2,855.2,898.83,916.28,58,HIT_SL,-1012.1,-0.009854,101697.27
2023-12-04,09:05 AM,09:15 AM,11:15 AM,ATGL,LONG,769.24,792.31,753.86,792.31,807.69,66,HIT_T1,1522.5,0.014971,103219.78
2023-12-04,09:05 AM,09:15 AM,10:45 AM,BHEL,LONG,174.02,170.54,170.54,179.24,182.72,296,HIT_SL,-1031.51,-0.009993,102188.27
2023-12-04,09:05 AM,09:15 AM,10:45 AM,ASTERDM,LONG,311.73,305.49,305.49,321.09,327.33,163,HIT_SL,-1016.87,-0.009951,101171.4
2023-12-05,09:05 AM,09:15 AM,01:30 PM,ATGL,LONG,731.58,768.15,716.95,753.52,768.15,69,HIT_T2,2523.41,0.024942,103694.81
2023-12-05,09:05 AM,09:15 AM,01:30 PM,ADANIENSOL,LONG,903.0,948.15,884.94,930.09,948.15,57,HIT_T2,2573.55,0.024819,106268.36
2023-12-05,09:05 AM,09:15 AM,01:30 PM,ADANIGREEN,LONG,1126.0,1182.3,1103.48,1159.78,1182.3,47,HIT_T2,2646.1,0.0249,108914.46
2023-12-06,09:05 AM,09:15 AM,01:30 PM,ATGL,LONG,914.1,959.8,895.82,941.52,959.8,59,HIT_T2,2696.36,0.024757,111610.82
2023-12-06,09:05 AM,09:15 AM,01:30 PM,ADANIGREEN,LONG,1474.5,1548.22,1445.01,1518.74,1548.22,37,HIT_T2,2727.64,0.024439,114338.46
2023-12-06,09:05 AM,09:15 AM,01:30 PM,ADANIENSOL,LONG,1137.0,1193.85,1114.26,1171.11,1193.85,50,HIT_T2,2842.5,0.02486,117180.96
2023-12-07,09:05 AM,09:15 AM,01:30 PM,ADANIGREEN,LONG,1580.0,1659.0,1548.4,1627.4,1659.0,37,HIT_T2,2923.0,0.024944,120103.96
2023-12-07,09:05 AM,09:15 AM,01:30 PM,ATGL,LONG,1100.91,1155.94,1078.9,1133.93,1155.94,54,HIT_T2,2971.36,0.02474,123075.33
2023-12-07,09:05 AM,09:15 AM,01:30 PM,ADANIENSOL,LONG,1164.3,1222.53,1141.01,1199.24,1222.53,52,HIT_T2,3027.96,0.024602,126103.28
2023-12-08,09:05 AM,09:15 AM,10:45 AM,ATGL,LONG,1228.79,1204.21,1204.21,1265.66,1290.24,51,HIT_SL,-1253.52,-0.00994,124849.77
2023-12-08,09:05 AM,09:15 AM,10:45 AM,ADANIGREEN,LONG,1645.0,1612.1,1612.1,1694.35,1727.25,37,HIT_SL,-1217.3,-0.00975,123632.47
2023-12-08,09:05 AM,09:15 AM,10:45 AM,ADANIENSOL,LONG,1208.7,1184.53,1184.53,1244.95,1269.12,51,HIT_SL,-1232.67,-0.00997,122399.8
2023-12-11,09:05 AM,09:15 AM,11:15 AM,ATGL,LONG,1178.79,1214.16,1155.21,1214.16,1237.74,51,HIT_T1,1803.97,0.014738,124203.77
2023-12-11,09:05 AM,09:15 AM,10:45 AM,ADANIGREEN,LONG,1554.4,1523.31,1523.31,1601.04,1632.13,39,HIT_SL,-1212.51,-0.009762,122991.26
2023-12-11,09:05 AM,09:15 AM,10:45 AM,ADANIENSOL,LONG,1137.95,1115.19,1115.19,1172.09,1194.85,54,HIT_SL,-1229.04,-0.009993,121762.22
2023-12-12,09:05 AM,09:15 AM,10:45 AM,ATGL,LONG,1178.84,1155.26,1155.26,1214.21,1237.79,51,HIT_SL,-1202.47,-0.009876,120559.75
2023-12-12,09:05 AM,09:15 AM,10:45 AM,ADANIGREEN,LONG,1532.85,1502.19,1502.19,1578.84,1609.5,39,HIT_SL,-1195.74,-0.009918,119364.01
2023-12-12,09:05 AM,09:15 AM,10:45 AM,ADANIENSOL,LONG,1132.0,1109.36,1109.36,1165.96,1188.6,52,HIT_SL,-1177.28,-0.009863,118186.73
2023-12-13,09:05 AM,09:15 AM,10:45 AM,ATGL,LONG,1108.91,1086.73,1086.73,1142.18,1164.36,53,HIT_SL,-1175.38,-0.009945,117011.35
2023-12-13,09:05 AM,09:15 AM,10:45 AM,BLS,LONG,316.07,309.75,309.75,325.55,331.87,185,HIT_SL,-1170.01,-0.009999,115841.34
2023-12-13,09:05 AM,09:15 AM,03:15 PM,BDL,LONG,678.04,682.77,664.48,698.38,711.94,85,EXPIRED_SAME_DAY,402.37,0.003473,116243.71
2023-12-14,09:05 AM,09:15 AM,10:45 AM,BLS,LONG,312.37,306.12,306.12,321.75,328.0,185,HIT_SL,-1156.32,-0.009947,115087.38
2023-12-14,09:05 AM,09:15 AM,10:45 AM,APTUS,LONG,320.87,314.45,314.45,330.5,336.92,179,HIT_SL,-1149.31,-0.009986,113938.07
2023-12-14,09:05 AM,09:15 AM,10:45 AM,AEGISLOG,LONG,385.56,377.85,377.85,397.13,404.84,147,HIT_SL,-1133.8,-0.009951,112804.27
2023-12-15,09:05 AM,09:15 AM,10:45 AM,360ONE,LONG,692.55,678.7,678.7,713.32,727.17,81,HIT_SL,-1121.66,-0.009943,111682.61
2023-12-15,09:05 AM,09:15 AM,10:45 AM,APTUS,LONG,315.51,309.2,309.2,324.97,331.28,176,HIT_SL,-1110.3,-0.009942,110572.31
2023-12-15,09:05 AM,09:15 AM,10:45 AM,BLS,LONG,307.68,301.53,301.53,316.9,323.05,179,HIT_SL,-1100.61,-0.009954,109471.7
2023-12-18,09:05 AM,09:15 AM,11:15 AM,ANGELONE,LONG,311.79,321.14,305.56,321.14,327.37,175,HIT_T1,1635.6,0.014941,111107.3
2023-12-18,09:05 AM,09:15 AM,03:15 PM,BSOFT,LONG,690.43,688.07,676.62,711.14,724.95,80,EXPIRED_SAME_DAY,-188.57,-0.001697,110918.73
2023-12-18,09:05 AM,09:15 AM,11:15 AM,BLS,LONG,300.27,309.27,294.27,309.27,315.27,184,HIT_T1,1655.87,0.014929,112574.6
2023-12-19,09:05 AM,09:15 AM,10:45 AM,ANGELONE,LONG,320.43,314.02,314.02,330.05,336.46,175,HIT_SL,-1122.33,-0.00997,111452.27
2023-12-19,09:05 AM,09:15 AM,10:45 AM,BDL,LONG,757.49,742.34,742.34,780.21,795.36,73,HIT_SL,-1105.65,-0.00992,110346.63
2023-12-19,09:05 AM,09:15 AM,03:15 PM,BSOFT,LONG,689.56,688.31,675.77,710.25,724.04,80,EXPIRED_SAME_DAY,-100.22,-0.000908,110246.41
2023-12-20,09:05 AM,09:15 AM,10:45 AM,BLUEJET,LONG,362.57,355.31,355.31,373.46,380.72,151,HIT_SL,-1095.52,-0.009937,109150.89
2023-12-20,09:05 AM,09:15 AM,11:15 AM,BDL,LONG,753.49,776.09,738.42,776.09,791.16,72,HIT_T1,1627.29,0.014909,110778.18
2023-12-20,09:05 AM,09:15 AM,10:45 AM,BEML,LONG,1350.41,1323.41,1323.41,1390.91,1417.91,41,HIT_SL,-1107.18,-0.009995,109671.01
2023-12-21,09:05 AM,09:15 AM,01:30 PM,BDL,LONG,715.44,751.22,701.13,736.91,751.22,76,HIT_T2,2719.14,0.024794,112390.15
2023-12-21,09:05 AM,09:15 AM,11:15 AM,BRIGADE,LONG,634.17,653.2,621.48,653.2,665.89,88,HIT_T1,1674.94,0.014903,114065.09
2023-12-21,09:05 AM,09:15 AM,11:15 AM,BSOFT,LONG,668.43,688.47,655.07,688.47,701.83,85,HIT_T1,1703.06,0.014931,115768.14
2023-12-22,09:05 AM,09:15 AM,03:15 PM,BDL,LONG,765.78,775.37,750.46,788.76,804.08,75,EXPIRED_SAME_DAY,719.52,0.006215,116487.67
2023-12-22,09:05 AM,09:15 AM,03:15 PM,BLUEJET,LONG,359.68,359.97,352.48,370.48,377.68,161,EXPIRED_SAME_DAY,47.38,0.000407,116535.05
2023-12-22,09:05 AM,09:15 AM,11:15 AM,BEML,LONG,1345.04,1385.39,1318.14,1385.39,1412.29,43,HIT_T1,1734.88,0.014887,118269.92
2023-12-26,09:05 AM,09:15 AM,01:30 PM,BDL,LONG,783.15,822.32,767.48,806.65,822.32,75,HIT_T2,2938.0,0.024841,121207.92
2023-12-26,09:05 AM,09:15 AM,11:15 AM,BEML,LONG,1379.38,1420.75,1351.8,1420.75,1448.33,43,HIT_T1,1778.72,0.014675,122986.64
2023-12-26,09:05 AM,09:15 AM,10:45 AM,ACUTAAS,LONG,600.65,588.64,588.64,618.66,630.67,102,HIT_SL,-1225.01,-0.009961,121761.63
2023-12-27,09:05 AM,09:15 AM,10:45 AM,BEML,LONG,1418.95,1390.57,1390.57,1461.52,1489.9,42,HIT_SL,-1191.85,-0.009788,120569.77
2023-12-27,09:05 AM,09:15 AM,01:30 PM,BDL,LONG,839.4,881.38,822.61,864.59,881.38,71,HIT_T2,2980.36,0.024719,123550.14
2023-12-27,09:05 AM,09:15 AM,01:30 PM,BBTC,LONG,1440.56,1512.58,1411.75,1483.77,1512.58,42,HIT_T2,3024.91,0.024483,126575.04
2023-12-28,09:05 AM,09:15 AM,10:45 AM,BDL,LONG,862.15,844.91,844.91,888.01,905.25,73,HIT_SL,-1258.68,-0.009944,125316.36
2023-12-28,09:05 AM,09:15 AM,03:15 PM,3MINDIA,LONG,33713.34,33416.9,33039.07,34724.75,35399.02,1,EXPIRED_SAME_DAY,-296.44,-0.002366,125019.92
2023-12-28,09:05 AM,09:15 AM,03:15 PM,BBTC,LONG,1494.8,1481.31,1464.9,1539.65,1569.55,41,EXPIRED_SAME_DAY,-553.11,-0.004424,124466.81
2023-12-29,09:05 AM,09:15 AM,01:30 PM,BBTC,LONG,1471.5,1545.08,1442.07,1515.65,1545.08,42,HIT_T2,3090.16,0.024827,127556.97
2023-12-29,09:05 AM,09:15 AM,03:15 PM,BDL,LONG,841.65,845.0,824.82,866.89,883.72,75,EXPIRED_SAME_DAY,251.38,0.001971,127808.34
2023-12-29,09:05 AM,09:15 AM,01:30 PM,3MINDIA,LONG,33417.47,35088.34,32749.12,34419.99,35088.34,1,HIT_T2,1670.87,0.013073,129479.22
2024-01-01,09:05 AM,09:15 AM,03:15 PM,3MINDIA,LONG,35234.47,34910.64,34529.78,36291.5,36996.19,1,EXPIRED_SAME_DAY,-323.83,-0.002501,129155.39
2024-01-01,09:05 AM,09:15 AM,10:45 AM,BBTC,LONG,1548.8,1517.82,1517.82,1595.27,1626.25,41,HIT_SL,-1270.08,-0.009834,127885.31
2024-01-01,09:05 AM,09:15 AM,03:15 PM,APARINDS,LONG,5981.01,5985.8,5861.39,6160.44,6280.06,10,EXPIRED_SAME_DAY,47.89,0.000375,127933.21
2024-01-02,09:05 AM,09:15 AM,10:45 AM,3MINDIA,LONG,35109.68,34407.48,34407.48,36162.98,36865.18,1,HIT_SL,-702.2,-0.005489,127231.01
2024-01-02,09:05 AM,09:15 AM,10:45 AM,CESC,LONG,124.68,122.18,122.18,128.43,130.93,508,HIT_SL,-1268.21,-0.009968,125962.81
2024-01-02,09:05 AM,09:15 AM,10:45 AM,BBTC,LONG,1482.1,1452.46,1452.46,1526.56,1556.2,42,HIT_SL,-1244.81,-0.009882,124718.0
2024-01-03,09:05 AM,09:15 AM,10:45 AM,3MINDIA,LONG,34186.96,33503.22,33503.22,35212.57,35896.31,1,HIT_SL,-683.74,-0.005482,124034.26
2024-01-03,09:05 AM,09:15 AM,10:45 AM,BHEL,LONG,200.56,196.55,196.55,206.58,210.59,309,HIT_SL,-1239.35,-0.009992,122794.9
2024-01-03,09:05 AM,09:15 AM,11:15 AM,AJANTPHARM,LONG,2088.85,2151.52,2047.07,2151.52,2193.3,29,HIT_T1,1817.39,0.0148,124612.3
2024-01-04,09:05 AM,09:15 AM,01:30 PM,AJANTPHARM,LONG,2126.24,2232.54,2083.72,2190.02,2232.54,29,HIT_T2,3082.69,0.024738,127694.98
2024-01-04,09:05 AM,09:15 AM,10:45 AM,ADANIENSOL,LONG,1210.0,1185.8,1185.8,1246.3,1270.5,52,HIT_SL,-1258.4,-0.009855,126436.58
2024-01-04,09:05 AM,09:15 AM,03:15 PM,BIOCON,LONG,284.88,282.49,279.18,293.43,299.13,221,EXPIRED_SAME_DAY,-528.67,-0.004181,125907.91
2024-01-05,09:05 AM,09:15 AM,10:45 AM,ADANIENSOL,LONG,1180.0,1156.4,1156.4,1215.4,1239.0,53,HIT_SL,-1250.8,-0.009934,124657.11
2024-01-05,09:05 AM,09:15 AM,10:45 AM,AJANTPHARM,LONG,2204.86,2160.76,2160.76,2271.01,2315.11,28,HIT_SL,-1234.75,-0.009905,123422.36
2024-01-05,09:05 AM,09:15 AM,11:15 AM,BIOCON,LONG,284.23,292.75,278.55,292.75,298.43,217,HIT_T1,1847.82,0.014972,125270.19
2024-01-08,09:05 AM,09:15 AM,10:45 AM,BIOCON,LONG,292.05,286.21,286.21,300.81,306.65,214,HIT_SL,-1250.62,-0.009983,124019.57
2024-01-08,09:05 AM,09:15 AM,01:30 PM,ABREL,LONG,1423.97,1495.17,1395.49,1466.69,1495.17,43,HIT_T2,3061.76,0.024688,127081.32
2024-01-08,09:05 AM,09:15 AM,03:15 PM,ADANIPORTS,LONG,1144.63,1153.36,1121.74,1178.96,1201.85,55,EXPIRED_SAME_DAY,480.27,0.003779,127561.59
2024-01-09,09:05 AM,09:15 AM,03:15 PM,ABREL,LONG,1511.43,1532.63,1481.21,1556.76,1586.98,42,EXPIRED_SAME_DAY,890.22,0.006979,128451.81
2024-01-09,09:05 AM,09:15 AM,11:15 AM,ADANIPORTS,LONG,1166.34,1201.33,1143.01,1201.33,1224.66,55,HIT_T1,1924.65,0.014983,130376.46
2024-01-09,09:05 AM,09:15 AM,10:45 AM,BEML,LONG,1596.32,1564.39,1564.39,1644.21,1676.14,40,HIT_SL,-1277.04,-0.009795,129099.42
2024-01-10,09:05 AM,09:15 AM,11:15 AM,ABREL,LONG,1527.46,1573.28,1496.91,1573.28,1603.83,42,HIT_T1,1924.64,0.014908,131024.06
2024-01-10,09:05 AM,09:15 AM,03:15 PM,BEML,LONG,1542.14,1551.28,1511.3,1588.4,1619.24,42,EXPIRED_SAME_DAY,383.68,0.002928,131407.74
2024-01-10,09:05 AM,09:15 AM,03:15 PM,BLS,LONG,358.45,357.76,351.28,369.2,376.37,183,EXPIRED_SAME_DAY,-125.92,-0.000958,131281.82
2024-01-11,09:05 AM,09:15 AM,10:45 AM,ABREL,LONG,1568.25,1536.89,1536.89,1615.29,1646.65,41,HIT_SL,-1285.91,-0.009795,129995.91
2024-01-11,09:05 AM,09:15 AM,10:45 AM,AMBER,LONG,3528.0,3457.44,3457.44,3633.84,3704.4,18,HIT_SL,-1270.08,-0.00977,128725.83
2024-01-11,09:05 AM,09:15 AM,03:15 PM,BEML,LONG,1565.28,1551.01,1533.97,1612.24,1643.55,41,EXPIRED_SAME_DAY,-584.93,-0.004544,128140.91
2024-01-12,09:05 AM,09:15 AM,10:45 AM,ABREL,LONG,1537.41,1506.66,1506.66,1583.53,1614.28,41,HIT_SL,-1260.58,-0.009837,126880.32
2024-01-12,09:05 AM,09:15 AM,11:15 AM,AMBER,LONG,3509.05,3614.32,3438.87,3614.32,3684.5,18,HIT_T1,1894.86,0.014934,128775.18
2024-01-12,09:05 AM,09:15 AM,03:15 PM,BEML,LONG,1555.92,1583.56,1524.8,1602.6,1633.72,41,EXPIRED_SAME_DAY,1133.43,0.008802,129908.61
2024-01-15,09:05 AM,09:15 AM,11:15 AM,AMBER,LONG,3601.1,3709.13,3529.08,3709.13,3781.15,18,HIT_T1,1944.54,0.014969,131853.15
2024-01-15,09:05 AM,09:15 AM,11:15 AM,BLS,LONG,373.86,385.08,366.38,385.08,392.56,176,HIT_T1,1975.29,0.014981,133828.44
2024-01-15,09:05 AM,09:15 AM,10:45 AM,BSOFT,LONG,766.39,751.07,751.07,789.37,804.69,87,HIT_SL,-1333.2,-0.009962,132495.24
2024-01-16,09:05 AM,09:15 AM,11:15 AM,AMBER,LONG,3750.1,3862.6,3675.1,3862.6,3937.6,17,HIT_T1,1912.5,0.014434,134407.73
2024-01-16,09:05 AM,09:15 AM,10:45 AM,BLS,LONG,396.08,388.16,388.16,407.96,415.88,169,HIT_SL,-1338.6,-0.009959,133069.13
2024-01-16,09:05 AM,09:15 AM,11:15 AM,BLUESTARCO,LONG,1050.38,1081.9,1029.37,1081.9,1102.91,63,HIT_T1,1985.66,0.014922,135054.79
2024-01-17,09:05 AM,09:15 AM,10:45 AM,AMBER,LONG,3789.0,3713.22,3713.22,3902.67,3978.45,17,HIT_SL,-1288.26,-0.009539,133766.53
2024-01-17,09:05 AM,09:15 AM,11:15 AM,BANKINDIA,LONG,120.05,123.65,117.65,123.65,126.05,557,HIT_T1,2002.54,0.01497,135769.07
2024-01-17,09:05 AM,09:15 AM,11:15 AM,MAHABANK,LONG,45.85,47.23,44.93,47.23,48.15,1475,HIT_T1,2040.84,0.015032,137809.91
2024-01-18,09:05 AM,09:15 AM,10:45 AM,BANKINDIA,LONG,120.6,118.19,118.19,124.22,126.63,571,HIT_SL,-1377.81,-0.009998,136432.11
2024-01-18,09:05 AM,09:15 AM,01:30 PM,MAHABANK,LONG,46.03,48.33,45.11,47.41,48.33,1482,HIT_T2,3407.86,0.024978,139839.97
2024-01-18,09:05 AM,09:15 AM,10:45 AM,BLUESTARCO,LONG,1045.45,1024.54,1024.54,1076.82,1097.73,66,HIT_SL,-1380.07,-0.009869,138459.89
2024-01-19,09:05 AM,09:15 AM,10:45 AM,MAHABANK,LONG,48.24,47.28,47.28,49.68,50.64,1442,HIT_SL,-1384.26,-0.009998,137075.63
2024-01-19,09:05 AM,09:15 AM,03:15 PM,BANKINDIA,LONG,123.76,123.53,121.28,127.48,129.96,552,EXPIRED_SAME_DAY,-124.25,-0.000906,136951.38
2024-01-19,09:05 AM,09:15 AM,10:45 AM,AMBER,LONG,3880.05,3802.45,3802.45,3996.45,4074.05,17,HIT_SL,-1319.2,-0.009633,135632.18
2024-01-23,09:05 AM,09:15 AM,10:45 AM,BHEL,LONG,220.14,215.74,215.74,226.74,231.14,308,HIT_SL,-1355.16,-0.009991,134277.02
2024-01-23,09:05 AM,09:15 AM,10:45 AM,AARTIIND,LONG,673.23,659.76,659.76,693.43,706.9,99,HIT_SL,-1333.21,-0.009929,132943.8
2024-01-23,09:05 AM,09:15 AM,10:45 AM,ASTERDM,LONG,330.04,323.44,323.44,339.94,346.54,201,HIT_SL,-1327.25,-0.009984,131616.55
2024-01-24,09:05 AM,09:15 AM,03:15 PM,APOLLOTYRE,LONG,495.69,507.82,485.78,510.56,520.47,132,EXPIRED_SAME_DAY,1600.59,0.012161,133217.15
2024-01-24,09:05 AM,09:15 AM,03:15 PM,ASTERDM,LONG,324.76,324.98,318.26,334.51,341.01,204,EXPIRED_SAME_DAY,45.6,0.000342,133262.75
2024-01-24,09:05 AM,09:15 AM,03:15 PM,AEGISLOG,LONG,377.03,376.06,369.49,388.34,395.88,176,EXPIRED_SAME_DAY,-171.01,-0.001283,133091.73
2024-01-25,09:05 AM,09:15 AM,11:15 AM,ANANDRATHI,LONG,736.04,758.12,721.32,758.12,772.84,90,HIT_T1,1987.07,0.01493,135078.8
2024-01-25,09:05 AM,09:15 AM,10:45 AM,APOLLOTYRE,LONG,510.09,499.88,499.88,525.4,535.61,132,HIT_SL,-1347.2,-0.009973,133731.6
2024-01-25,09:05 AM,09:15 AM,10:45 AM,BHARTIARTL,LONG,1155.11,1132.01,1132.01,1189.76,1212.86,57,HIT_SL,-1316.8,-0.009847,132414.8
2024-01-29,09:05 AM,09:15 AM,10:45 AM,ANANDRATHI,LONG,765.81,750.49,750.49,788.79,804.11,86,HIT_SL,-1317.45,-0.009949,131097.35
2024-01-29,09:05 AM,09:15 AM,01:30 PM,AMBER,LONG,4193.9,4403.6,4110.02,4319.72,4403.6,15,HIT_T2,3145.5,0.023994,134242.85
2024-01-29,09:05 AM,09:15 AM,03:15 PM,APOLLOTYRE,LONG,500.33,509.27,490.32,515.35,525.36,134,EXPIRED_SAME_DAY,1197.88,0.008923,135440.73
2024-01-30,09:05 AM,09:15 AM,10:45 AM,AMBER,LONG,4400.0,4312.0,4312.0,4532.0,4620.0,15,HIT_SL,-1320.0,-0.009746,134120.73
2024-01-30,09:05 AM,09:15 AM,03:15 PM,ANANDRATHI,LONG,741.11,746.24,726.28,763.35,778.18,90,EXPIRED_SAME_DAY,462.09,0.003445,134582.82
2024-01-30,09:05 AM,09:15 AM,10:45 AM,AIAENG,LONG,4000.03,3920.03,3920.03,4120.03,4200.03,16,HIT_SL,-1280.04,-0.009511,133302.78
2024-01-31,09:05 AM,09:15 AM,11:15 AM,AMBER,LONG,4414.6,4547.04,4326.31,4547.04,4635.33,15,HIT_T1,1986.6,0.014903,135289.38
2024-01-31,09:05 AM,09:15 AM,01:30 PM,APARINDS,LONG,5996.18,6296.0,5876.25,6176.07,6296.0,11,HIT_T2,3298.05,0.024378,138587.43
2024-01-31,09:05 AM,09:15 AM,03:15 PM,ACC,LONG,2482.4,2512.32,2432.76,2556.86,2606.5,27,EXPIRED_SAME_DAY,807.71,0.005828,139395.14
2024-02-01,09:05 AM,09:15 AM,11:15 AM,AMBER,LONG,4390.05,4521.75,4302.25,4521.75,4609.55,15,HIT_T1,1975.5,0.014172,141370.65
2024-02-01,09:05 AM,09:15 AM,10:45 AM,APARINDS,LONG,6274.06,6148.58,6148.58,6462.28,6587.76,11,HIT_SL,-1380.32,-0.009764,139990.32
2024-02-01,09:05 AM,09:15 AM,01:30 PM,BEML,LONG,1741.54,1828.61,1706.71,1793.78,1828.61,40,HIT_T2,3482.95,0.02488,143473.27
2024-02-02,09:05 AM,09:15 AM,01:30 PM,BEML,LONG,1903.26,1998.41,1865.2,1960.35,1998.41,37,HIT_T2,3520.48,0.024538,146993.74
2024-02-02,09:05 AM,09:15 AM,10:45 AM,AMBER,LONG,4535.0,4444.3,4444.3,4671.05,4761.75,16,HIT_SL,-1451.2,-0.009873,145542.54
2024-02-02,09:05 AM,09:15 AM,10:45 AM,BSE,LONG,827.28,810.74,810.74,852.09,868.63,87,HIT_SL,-1439.37,-0.00989,144103.18
2024-02-05,09:05 AM,09:15 AM,10:45 AM,BEML,LONG,1898.83,1860.85,1860.85,1955.8,1993.78,37,HIT_SL,-1405.17,-0.009751,142698.01
2024-02-05,09:05 AM,09:15 AM,11:15 AM,BPCL,LONG,252.39,259.95,247.35,259.95,264.99,283,HIT_T1,2138.2,0.014984,144836.21
2024-02-05,09:05 AM,09:15 AM,11:15 AM,BSE,LONG,817.4,841.92,801.05,841.92,858.27,88,HIT_T1,2158.06,0.0149,146994.27
2024-02-06,09:05 AM,09:15 AM,10:45 AM,BSE,LONG,843.43,826.57,826.57,868.72,885.58,87,HIT_SL,-1467.22,-0.009981,145527.05
2024-02-06,09:05 AM,09:15 AM,10:45 AM,BEML,LONG,1842.93,1806.07,1806.07,1898.22,1935.08,39,HIT_SL,-1437.62,-0.009879,144089.43
2024-02-06,09:05 AM,09:15 AM,01:30 PM,BPCL,LONG,258.62,271.57,253.44,266.39,271.57,278,HIT_T2,3601.43,0.024994,147690.86
2024-02-07,09:05 AM,09:15 AM,10:45 AM,BPCL,LONG,275.05,269.55,269.55,283.3,288.8,268,HIT_SL,-1473.37,-0.009976,146217.49
2024-02-07,09:05 AM,09:15 AM,01:30 PM,MAHABANK,LONG,57.4,60.28,56.25,59.13,60.28,1271,HIT_T2,3660.44,0.025034,149877.93
2024-02-07,09:05 AM,09:15 AM,10:45 AM,BIOCON,LONG,302.81,296.76,296.76,311.89,317.94,247,HIT_SL,-1494.79,-0.009973,148383.14
2024-02-08,09:05 AM,09:15 AM,10:45 AM,MAHABANK,LONG,63.34,62.07,62.07,65.24,66.51,1168,HIT_SL,-1480.99,-0.009981,146902.15
2024-02-08,09:05 AM,09:15 AM,11:15 AM,BPCL,LONG,271.12,279.25,265.7,279.25,284.67,271,HIT_T1,2202.29,0.014992,149104.45
2024-02-08,09:05 AM,09:15 AM,11:15 AM,ACE,LONG,1125.61,1159.38,1103.1,1159.38,1181.89,66,HIT_T1,2228.73,0.014947,151333.18
2024-02-09,09:05 AM,09:15 AM,10:45 AM,BPCL,LONG,277.81,272.26,272.26,286.14,291.69,272,HIT_SL,-1510.24,-0.00998,149822.93
2024-02-09,09:05 AM,09:15 AM,10:45 AM,ACE,LONG,1138.86,1116.08,1116.08,1173.03,1195.81,65,HIT_SL,-1480.84,-0.009884,148342.1
2024-02-09,09:05 AM,09:15 AM,10:45 AM,MAHABANK,LONG,59.01,57.83,57.83,60.78,61.96,1257,HIT_SL,-1484.64,-0.010008,146857.46
2024-02-12,09:05 AM,09:15 AM,03:15 PM,ACE,LONG,1109.57,1102.25,1087.38,1142.86,1165.05,66,EXPIRED_SAME_DAY,-483.2,-0.00329,146374.26
2024-02-12,09:05 AM,09:15 AM,10:45 AM,ADANIGREEN,LONG,1888.05,1850.29,1850.29,1944.69,1982.45,38,HIT_SL,-1434.88,-0.009803,144939.38
2024-02-12,09:05 AM,09:15 AM,10:45 AM,BPCL,LONG,274.16,268.67,268.67,282.39,287.88,264,HIT_SL,-1448.24,-0.009992,143491.14
2024-02-13,09:05 AM,09:15 AM,11:15 AM,ACE,LONG,1102.35,1135.42,1080.3,1135.42,1157.47,65,HIT_T1,2149.68,0.014981,145640.82
2024-02-13,09:05 AM,09:15 AM,10:45 AM,ADANIGREEN,LONG,1853.0,1815.94,1815.94,1908.59,1945.65,39,HIT_SL,-1445.34,-0.009924,144195.48
2024-02-13,09:05 AM,09:15 AM,03:15 PM,CRISIL,LONG,4342.53,4294.13,4255.68,4472.8,4559.65,16,EXPIRED_SAME_DAY,-774.36,-0.00537,143421.12
2024-02-14,09:05 AM,09:15 AM,11:15 AM,ACE,LONG,1142.45,1176.72,1119.6,1176.72,1199.57,62,HIT_T1,2124.82,0.014815,145545.93
2024-02-14,09:05 AM,09:15 AM,11:15 AM,360ONE,LONG,673.9,694.12,660.42,694.12,707.6,107,HIT_T1,2163.38,0.014864,147709.32
2024-02-14,09:05 AM,09:15 AM,03:15 PM,APOLLOHOSP,LONG,6675.56,6710.63,6542.05,6875.82,7009.33,11,EXPIRED_SAME_DAY,385.8,0.002612,148095.12
2024-02-15,09:05 AM,09:15 AM,03:15 PM,360ONE,LONG,695.14,696.7,681.23,716.0,729.91,106,EXPIRED_SAME_DAY,165.75,0.001119,148260.87
2024-02-15,09:05 AM,09:15 AM,03:15 PM,BANKBARODA,LONG,245.87,251.15,240.95,253.25,258.17,301,EXPIRED_SAME_DAY,1589.19,0.010719,149850.06
2024-02-15,09:05 AM,09:15 AM,10:45 AM,APOLLOHOSP,LONG,6706.56,6572.43,6572.43,6907.75,7041.88,11,HIT_SL,-1475.39,-0.009846,148374.67
2024-02-16,09:05 AM,09:15 AM,01:30 PM,AEGISLOG,LONG,429.97,451.47,421.37,442.87,451.47,172,HIT_T2,3697.29,0.024919,152071.96
2024-02-16,09:05 AM,09:15 AM,03:15 PM,BOSCHLTD,LONG,27037.46,27433.53,26496.71,27848.59,28389.34,2,EXPIRED_SAME_DAY,792.14,0.005209,152864.09
2024-02-16,09:05 AM,09:15 AM,03:15 PM,BANKBARODA,LONG,251.52,251.11,246.49,259.06,264.09,303,EXPIRED_SAME_DAY,-123.73,-0.000809,152740.37
2024-02-19,09:05 AM,09:15 AM,01:30 PM,AEGISLOG,LONG,425.64,446.94,417.12,438.42,446.94,179,HIT_T2,3813.53,0.024967,156553.9
2024-02-19,09:05 AM,09:15 AM,03:15 PM,BOSCHLTD,LONG,27502.24,28077.27,26952.19,28327.31,28877.36,2,EXPIRED_SAME_DAY,1150.06,0.007346,157703.96
2024-02-19,09:05 AM,09:15 AM,03:15 PM,ASTERDM,LONG,355.27,352.32,348.16,365.93,373.04,221,EXPIRED_SAME_DAY,-651.62,-0.004132,157052.35
2024-02-20,09:05 AM,09:15 AM,10:45 AM,AEGISLOG,LONG,453.37,444.31,444.31,466.96,476.02,173,HIT_SL,-1568.08,-0.009984,155484.27
2024-02-20,09:05 AM,09:15 AM,03:15 PM,BOSCHLTD,LONG,27986.43,28226.98,27426.7,28826.03,29385.76,2,EXPIRED_SAME_DAY,481.1,0.003094,155965.36
2024-02-20,09:05 AM,09:15 AM,10:45 AM,ANANDRATHI,LONG,925.15,906.64,906.64,952.91,971.42,84,HIT_SL,-1554.59,-0.009968,154410.77
2024-02-21,09:05 AM,09:15 AM,10:45 AM,AEGISLOG,LONG,455.62,446.5,446.5,469.3,478.42,169,HIT_SL,-1540.69,-0.009978,152870.08
2024-02-21,09:05 AM,09:15 AM,03:15 PM,CRISIL,LONG,4854.6,4882.37,4757.51,5000.23,5097.32,15,EXPIRED_SAME_DAY,416.58,0.002725,153286.65
2024-02-21,09:05 AM,09:15 AM,10:45 AM,BPCL,LONG,295.92,290.0,290.0,304.8,310.72,258,HIT_SL,-1526.59,-0.009959,151760.07
2024-02-22,09:05 AM,09:15 AM,10:45 AM,AEGISLOG,LONG,441.63,432.79,432.79,454.89,463.73,171,HIT_SL,-1510.84,-0.009955,150249.23
2024-02-22,09:05 AM,09:15 AM,10:45 AM,CRISIL,LONG,4882.37,4784.72,4784.72,5028.84,5126.49,15,HIT_SL,-1464.7,-0.009748,148784.53
2024-02-22,09:05 AM,09:15 AM,11:15 AM,ABB,LONG,5052.85,5204.43,4951.8,5204.43,5305.48,14,HIT_T1,2122.07,0.014263,150906.6
2024-02-23,09:05 AM,09:15 AM,03:15 PM,ABB,LONG,5266.63,5239.47,5161.3,5424.62,5529.95,14,EXPIRED_SAME_DAY,-380.22,-0.00252,150526.38
2024-02-23,09:05 AM,09:15 AM,03:15 PM,CRISIL,LONG,4806.0,4729.5,4709.88,4950.18,5046.3,15,EXPIRED_SAME_DAY,-1147.57,-0.007624,149378.81
2024-02-23,09:05 AM,09:15 AM,01:30 PM,AWL,LONG,360.22,378.24,353.01,371.03,378.24,207,HIT_T2,3730.5,0.024973,153109.31
2024-02-26,09:05 AM,09:15 AM,10:45 AM,ABB,LONG,5207.4,5103.25,5103.25,5363.63,5467.78,14,HIT_SL,-1458.14,-0.009524,151651.17
2024-02-26,09:05 AM,09:15 AM,11:15 AM,AWL,LONG,388.97,400.64,381.19,400.64,408.42,194,HIT_T1,2264.35,0.014931,153915.52
2024-02-26,09:05 AM,09:15 AM,03:15 PM,BEL,LONG,201.91,200.53,197.87,207.97,212.01,380,EXPIRED_SAME_DAY,-524.22,-0.003406,153391.3
2024-02-27,09:05 AM,09:15 AM,11:15 AM,ABB,LONG,5120.87,5274.5,5018.45,5274.5,5376.92,14,HIT_T1,2150.79,0.014022,155542.09
2024-02-27,09:05 AM,09:15 AM,10:45 AM,360ONE,LONG,755.47,740.36,740.36,778.14,793.25,102,HIT_SL,-1541.48,-0.00991,154000.61
2024-02-27,09:05 AM,09:15 AM,10:45 AM,ADANIENSOL,LONG,1182.0,1158.36,1158.36,1217.46,1241.1,65,HIT_SL,-1536.6,-0.009978,152464.01
2024-02-28,09:05 AM,09:15 AM,03:15 PM,ABB,LONG,5286.06,5274.99,5180.34,5444.64,5550.36,14,EXPIRED_SAME_DAY,-155.02,-0.001017,152309.0
2024-02-28,09:05 AM,09:15 AM,10:45 AM,BEML,LONG,1656.65,1623.52,1623.52,1706.35,1739.48,45,HIT_SL,-1490.89,-0.009789,150818.11
2024-02-28,09:05 AM,09:15 AM,10:45 AM,ACE,LONG,1253.24,1228.17,1228.17,1290.84,1315.91,60,HIT_SL,-1503.99,-0.009972,149314.12
2024-02-29,09:05 AM,09:15 AM,01:30 PM,ACE,LONG,1215.58,1276.35,1191.27,1252.04,1276.35,61,HIT_T2,3707.18,0.024828,153021.3
2024-02-29,09:05 AM,09:15 AM,10:45 AM,BEL,LONG,201.71,197.68,197.68,207.76,211.79,379,HIT_SL,-1528.58,-0.009989,151492.72
2024-02-29,09:05 AM,09:15 AM,03:15 PM,ABB,LONG,5290.87,5290.87,5185.06,5449.59,5555.4,14,EXPIRED_SAME_DAY,-0.04,-0.0,151492.68
2024-03-01,09:05 AM,09:15 AM,01:30 PM,ACE,LONG,1294.18,1358.88,1268.3,1333.0,1358.88,58,HIT_T2,3752.36,0.024769,155245.04
2024-03-01,09:05 AM,09:15 AM,03:15 PM,APLAPOLLO,LONG,1536.51,1538.75,1505.78,1582.61,1613.34,50,EXPIRED_SAME_DAY,111.76,0.00072,155356.8
2024-03-01,09:05 AM,09:15 AM,03:15 PM,BSE,LONG,781.14,770.08,765.52,804.57,820.19,99,EXPIRED_SAME_DAY,-1095.05,-0.007049,154261.76
2024-03-04,09:05 AM,09:15 AM,10:45 AM,ACE,LONG,1483.88,1454.2,1454.2,1528.4,1558.08,51,HIT_SL,-1513.6,-0.009812,152748.16
2024-03-04,09:05 AM,09:15 AM,03:15 PM,CGPOWER,LONG,474.06,467.09,464.58,488.28,497.76,161,EXPIRED_SAME_DAY,-1121.89,-0.007345,151626.27
2024-03-04,09:05 AM,09:15 AM,03:15 PM,APLAPOLLO,LONG,1528.67,1530.26,1498.1,1574.53,1605.1,49,EXPIRED_SAME_DAY,77.79,0.000513,151704.06
2024-03-05,09:05 AM,09:15 AM,03:15 PM,ACE,LONG,1396.8,1397.5,1368.87,1438.7,1466.63,54,EXPIRED_SAME_DAY,37.68,0.000248,151741.74
2024-03-05,09:05 AM,09:15 AM,10:45 AM,BHEL,LONG,263.87,258.59,258.59,271.79,277.07,287,HIT_SL,-1515.27,-0.009986,150226.47
2024-03-05,09:05 AM,09:15 AM,03:15 PM,CGPOWER,LONG,468.03,461.31,458.67,482.07,491.43,160,EXPIRED_SAME_DAY,-1075.77,-0.007161,149150.7
2024-03-06,09:05 AM,09:15 AM,10:45 AM,BHEL,LONG,269.04,263.66,263.66,277.11,282.49,277,HIT_SL,-1489.65,-0.009988,147661.06
2024-03-06,09:05 AM,09:15 AM,11:15 AM,ACE,LONG,1409.26,1451.54,1381.07,1451.54,1479.73,52,HIT_T1,2198.77,0.014891,149859.83
2024-03-06,09:05 AM,09:15 AM,10:45 AM,ANANDRATHI,LONG,980.9,961.28,961.28,1010.33,1029.95,76,HIT_SL,-1491.33,-0.009952,148368.49
2024-03-07,09:05 AM,09:15 AM,10:45 AM,ACE,LONG,1385.84,1358.13,1358.13,1427.41,1455.12,53,HIT_SL,-1468.79,-0.0099,146899.7
2024-03-07,09:05 AM,09:15 AM,03:15 PM,BHEL,LONG,255.17,255.92,250.07,262.82,267.92,288,EXPIRED_SAME_DAY,215.01,0.001464,147114.71
2024-03-07,09:05 AM,09:15 AM,03:15 PM,BANKINDIA,LONG,132.3,133.35,129.65,136.27,138.92,555,EXPIRED_SAME_DAY,583.96,0.003969,147698.66
2024-03-11,09:05 AM,09:15 AM,10:45 AM,BHEL,LONG,257.51,252.36,252.36,265.23,270.38,286,HIT_SL,-1472.62,-0.00997,146226.04
2024-03-11,09:05 AM,09:15 AM,10:45 AM,BAJAJ-AUTO,LONG,8608.32,8436.15,8436.15,8866.57,9038.74,8,HIT_SL,-1377.34,-0.009419,144848.7
2024-03-11,09:05 AM,09:15 AM,10:45 AM,BANKINDIA,LONG,134.58,131.89,131.89,138.62,141.31,538,HIT_SL,-1448.28,-0.009999,143400.42
2024-03-12,09:05 AM,09:15 AM,10:45 AM,BHEL,LONG,253.43,248.37,248.37,261.02,266.08,283,HIT_SL,-1433.16,-0.009994,141967.26
2024-03-12,09:05 AM,09:15 AM,03:15 PM,BAJAJ-AUTO,LONG,8239.6,8135.38,8074.81,8486.79,8651.58,8,EXPIRED_SAME_DAY,-833.76,-0.005873,141133.49
2024-03-12,09:05 AM,09:15 AM,10:45 AM,ABB,LONG,5684.46,5570.77,5570.77,5855.0,5968.69,12,HIT_SL,-1364.28,-0.009667,139769.21
2024-03-13,09:05 AM,09:15 AM,10:45 AM,BHARTIARTL,LONG,1180.43,1156.83,1156.83,1215.83,1239.43,59,HIT_SL,-1392.67,-0.009964,138376.54
2024-03-13,09:05 AM,09:15 AM,10:45 AM,DMART,LONG,4055.0,3973.9,3973.9,4176.65,4257.75,17,HIT_SL,-1378.7,-0.009963,136997.84
2024-03-13,09:05 AM,09:15 AM,10:45 AM,BALKRISIND,LONG,2327.73,2281.17,2281.17,2397.57,2444.13,29,HIT_SL,-1350.21,-0.009856,135647.63
2024-03-14,09:05 AM,09:15 AM,03:15 PM,DMART,LONG,3966.95,4019.25,3887.61,4085.96,4165.3,17,EXPIRED_SAME_DAY,889.1,0.006554,136536.73
2024-03-14,09:05 AM,09:15 AM,10:45 AM,BAJFINANCE,LONG,634.55,621.86,621.86,653.58,666.27,107,HIT_SL,-1357.81,-0.009945,135178.91
2024-03-14,09:05 AM,09:15 AM,03:15 PM,BAJAJFINSV,LONG,1562.52,1560.62,1531.27,1609.39,1640.64,43,EXPIRED_SAME_DAY,-81.59,-0.000604,135097.32
2024-03-15,09:05 AM,09:15 AM,03:15 PM,ABBOTINDIA,LONG,26892.44,26983.88,26354.6,27699.2,28237.04,2,EXPIRED_SAME_DAY,182.87,0.001354,135280.19
2024-03-15,09:05 AM,09:15 AM,10:45 AM,DMART,LONG,4019.45,3939.06,3939.06,4140.03,4220.42,16,HIT_SL,-1286.24,-0.009508,133993.95
2024-03-15,09:05 AM,09:15 AM,03:15 PM,AUBANK,LONG,581.7,576.07,570.06,599.16,610.8,115,EXPIRED_SAME_DAY,-646.89,-0.004828,133347.06
2024-03-18,09:05 AM,09:15 AM,10:45 AM,ABBOTINDIA,LONG,27312.25,26766.0,26766.0,28131.62,28677.87,2,HIT_SL,-1092.49,-0.008193,132254.57
2024-03-18,09:05 AM,09:15 AM,10:45 AM,CGPOWER,LONG,474.01,464.53,464.53,488.23,497.71,139,HIT_SL,-1317.51,-0.009962,130937.06
2024-03-18,09:05 AM,09:15 AM,10:45 AM,BLS,LONG,353.78,346.71,346.71,364.39,371.46,185,HIT_SL,-1308.39,-0.009993,129628.67
2024-03-19,09:05 AM,09:15 AM,10:45 AM,CRISIL,LONG,5036.39,4935.67,4935.67,5187.47,5288.19,12,HIT_SL,-1208.68,-0.009324,128419.99
2024-03-19,09:05 AM,09:15 AM,10:45 AM,ABBOTINDIA,LONG,27359.75,26812.55,26812.55,28180.55,28727.75,2,HIT_SL,-1094.39,-0.008522,127325.6
2024-03-19,09:05 AM,09:15 AM,03:15 PM,BLUEJET,LONG,362.61,363.71,355.36,373.49,380.74,175,EXPIRED_SAME_DAY,191.64,0.001505,127517.23
2024-03-20,09:05 AM,09:15 AM,10:45 AM,BLUEJET,LONG,368.54,361.17,361.17,379.6,386.97,173,HIT_SL,-1275.54,-0.010003,126241.69
2024-03-20,09:05 AM,09:15 AM,01:30 PM,CGPOWER,LONG,480.08,504.08,470.48,494.48,504.08,131,HIT_T2,3143.61,0.024902,129385.3
2024-03-20,09:05 AM,09:15 AM,10:45 AM,ABBOTINDIA,LONG,26789.8,26254.0,26254.0,27593.5,28129.3,2,HIT_SL,-1071.59,-0.008282,128313.71
2024-03-21,09:05 AM,09:15 AM,01:30 PM,ACE,LONG,1291.99,1356.59,1266.15,1330.75,1356.59,49,HIT_T2,3165.28,0.024668,131478.99
2024-03-21,09:05 AM,09:15 AM,03:15 PM,BLS,LONG,319.91,320.75,313.51,329.51,335.91,205,EXPIRED_SAME_DAY,172.71,0.001314,131651.7
2024-03-21,09:05 AM,09:15 AM,03:15 PM,MAPMYINDIA,LONG,1789.51,1793.88,1753.72,1843.19,1878.98,36,EXPIRED_SAME_DAY,157.39,0.001195,131809.09
2024-03-22,09:05 AM,09:15 AM,10:45 AM,CGPOWER,LONG,539.13,528.35,528.35,555.3,566.08,122,HIT_SL,-1315.75,-0.009982,130493.34
2024-03-22,09:05 AM,09:15 AM,10:45 AM,ACE,LONG,1403.78,1375.7,1375.7,1445.9,1473.98,46,HIT_SL,-1291.51,-0.009897,129201.82
2024-03-22,09:05 AM,09:15 AM,10:45 AM,BSE,LONG,741.26,726.43,726.43,763.51,778.34,87,HIT_SL,-1290.21,-0.009986,127911.61
2024-03-26,09:05 AM,09:15 AM,11:15 AM,CGPOWER,LONG,525.79,541.56,515.28,541.56,552.07,121,HIT_T1,1908.06,0.014917,129819.67
2024-03-26,09:05 AM,09:15 AM,10:45 AM,ACE,LONG,1374.88,1347.39,1347.39,1416.12,1443.61,47,HIT_SL,-1292.21,-0.009954,128527.46
2024-03-26,09:05 AM,09:15 AM,03:15 PM,BHEL,LONG,237.04,238.33,232.29,244.16,248.91,270,EXPIRED_SAME_DAY,349.52,0.002719,128876.97
2024-03-27,09:05 AM,09:15 AM,01:30 PM,APARINDS,LONG,6768.04,7106.44,6632.68,6971.08,7106.44,9,HIT_T2,3045.64,0.023632,131922.61
2024-03-27,09:05 AM,09:15 AM,03:15 PM,CGPOWER,LONG,542.22,546.21,531.38,558.48,569.32,121,EXPIRED_SAME_DAY,482.56,0.003658,132405.17
2024-03-27,09:05 AM,09:15 AM,01:30 PM,BSE,LONG,768.62,807.07,753.24,791.69,807.07,86,HIT_T2,3307.01,0.024976,135712.19
2024-03-28,09:05 AM,09:15 AM,11:15 AM,BSE,LONG,820.1,844.7,803.7,844.7,861.1,82,HIT_T1,2017.26,0.014864,137729.45
2024-03-28,09:05 AM,09:15 AM,10:45 AM,ANGELONE,LONG,292.94,287.08,287.08,301.73,307.59,235,HIT_SL,-1377.38,-0.010001,136352.07
2024-03-28,09:05 AM,09:15 AM,10:45 AM,APARINDS,LONG,6999.43,6859.45,6859.45,7209.4,7349.38,9,HIT_SL,-1259.86,-0.00924,135092.21
2024-04-01,09:05 AM,09:15 AM,01:30 PM,BSE,LONG,842.91,885.06,826.05,868.2,885.06,80,HIT_T2,3372.22,0.024962,138464.43
2024-04-01,09:05 AM,09:15 AM,10:45 AM,ANGELONE,LONG,301.13,295.11,295.11,310.16,316.18,230,HIT_SL,-1385.06,-0.010003,137079.37
2024-04-01,09:05 AM,09:15 AM,11:15 AM,ABREL,LONG,1651.84,1701.4,1618.8,1701.4,1734.44,41,HIT_T1,2031.93,0.014823,139111.3
2024-04-02,09:05 AM,09:15 AM,03:15 PM,BSE,LONG,896.02,908.48,878.1,922.9,940.82,77,EXPIRED_SAME_DAY,959.31,0.006896,140070.6
2024-04-02,09:05 AM,09:15 AM,10:45 AM,ABREL,LONG,1690.7,1656.88,1656.88,1741.43,1775.25,41,HIT_SL,-1386.57,-0.009899,138684.03
2024-04-02,09:05 AM,09:15 AM,03:15 PM,ANGELONE,LONG,290.83,290.11,285.01,299.56,305.38,238,EXPIRED_SAME_DAY,-170.41,-0.001229,138513.62
2024-04-03,09:05 AM,09:15 AM,01:30 PM,BSE,LONG,903.09,948.24,885.03,930.18,948.24,76,HIT_T2,3431.3,0.024772,141944.92
2024-04-03,09:05 AM,09:15 AM,03:15 PM,ABFRL,LONG,235.0,236.3,230.3,242.05,246.75,302,EXPIRED_SAME_DAY,392.6,0.002766,142337.52
2024-04-03,09:05 AM,09:15 AM,11:15 AM,ABCAPITAL,LONG,200.0,206.0,196.0,206.0,210.0,355,HIT_T1,2130.0,0.014964,144467.52
2024-04-04,09:05 AM,09:15 AM,10:45 AM,BSE,LONG,950.55,931.54,931.54,979.07,998.08,75,HIT_SL,-1425.98,-0.009871,143041.54
2024-04-04,09:05 AM,09:15 AM,03:15 PM,ADANIPOWER,LONG,126.03,128.4,123.51,129.81,132.33,567,EXPIRED_SAME_DAY,1343.79,0.009394,144385.33
2024-04-04,09:05 AM,09:15 AM,10:45 AM,ANGELONE,LONG,306.94,300.8,300.8,316.15,322.29,235,HIT_SL,-1443.52,-0.009998,142941.81
2024-04-05,09:05 AM,09:15 AM,03:15 PM,ADANIPOWER,LONG,126.0,125.34,123.48,129.78,132.3,567,EXPIRED_SAME_DAY,-374.22,-0.002618,142567.59
2024-04-05,09:05 AM,09:15 AM,03:15 PM,BSE,LONG,945.94,947.78,927.02,974.32,993.24,75,EXPIRED_SAME_DAY,138.09,0.000969,142705.68
2024-04-05,09:05 AM,09:15 AM,10:45 AM,ABCAPITAL,LONG,205.4,201.29,201.29,211.56,215.67,347,HIT_SL,-1426.17,-0.009994,141279.51
2024-04-08,09:05 AM,09:15 AM,11:15 AM,AAVAS,LONG,1610.0,1658.3,1577.8,1658.3,1690.5,43,HIT_T1,2076.9,0.014701,143356.41
2024-04-08,09:05 AM,09:15 AM,10:45 AM,ADANIPOWER,LONG,126.4,123.87,123.87,130.2,132.73,566,HIT_SL,-1431.98,-0.009989,141924.43
2024-04-08,09:05 AM,09:15 AM,03:15 PM,ABCAPITAL,LONG,205.85,203.15,201.73,212.03,216.15,344,EXPIRED_SAME_DAY,-928.8,-0.006544,140995.63
2024-04-09,09:05 AM,09:15 AM,10:45 AM,ASTERDM,LONG,377.62,370.07,370.07,388.95,396.5,186,HIT_SL,-1405.01,-0.009965,139590.62
2024-04-09,09:05 AM,09:15 AM,10:45 AM,AAVAS,LONG,1626.05,1593.53,1593.53,1674.83,1707.35,42,HIT_SL,-1365.84,-0.009785,138224.78
2024-04-09,09:05 AM,09:15 AM,03:15 PM,ABFRL,LONG,239.5,237.3,234.71,246.68,251.48,288,EXPIRED_SAME_DAY,-633.6,-0.004584,137591.18
2024-04-10,09:05 AM,09:15 AM,10:45 AM,ANANDRATHI,LONG,1012.84,992.59,992.59,1043.22,1063.47,67,HIT_SL,-1357.05,-0.009863,136234.13
2024-04-10,09:05 AM,09:15 AM,03:15 PM,ASTERDM,LONG,360.14,358.93,352.94,370.94,378.14,189,EXPIRED_SAME_DAY,-228.66,-0.001678,136005.47
2024-04-10,09:05 AM,09:15 AM,10:45 AM,ARE&M,LONG,883.08,865.42,865.42,909.57,927.23,77,HIT_SL,-1359.87,-0.009999,134645.6
2024-04-12,09:05 AM,09:15 AM,03:15 PM,ASTERDM,LONG,367.81,368.71,360.45,378.85,386.21,182,EXPIRED_SAME_DAY,164.6,0.001223,134810.2
2024-04-12,09:05 AM,09:15 AM,01:30 PM,AAVAS,LONG,1551.0,1628.55,1519.98,1597.53,1628.55,43,HIT_T2,3334.65,0.024736,138144.85
2024-04-12,09:05 AM,09:15 AM,11:15 AM,ANANDRATHI,LONG,967.81,996.85,948.45,996.85,1016.21,71,HIT_T1,2061.84,0.014925,140206.69
2024-04-15,09:05 AM,09:15 AM,01:30 PM,ANANDRATHI,LONG,958.48,1006.41,939.31,987.24,1006.41,73,HIT_T2,3498.57,0.024953,143705.26
2024-04-15,09:05 AM,09:15 AM,03:15 PM,ARE&M,LONG,844.05,851.61,827.17,869.37,886.25,85,EXPIRED_SAME_DAY,642.64,0.004472,144347.9
2024-04-15,09:05 AM,09:15 AM,01:30 PM,AEGISLOG,LONG,462.75,485.88,453.5,476.63,485.88,156,HIT_T2,3607.62,0.024993,147955.52
2024-04-16,09:05 AM,09:15 AM,10:45 AM,ANANDRATHI,LONG,1032.61,1011.96,1011.96,1063.58,1084.23,71,HIT_SL,-1465.96,-0.009908,146489.56
2024-04-16,09:05 AM,09:15 AM,10:45 AM,ASTERDM,LONG,402.66,394.61,394.61,414.74,422.79,181,HIT_SL,-1457.11,-0.009947,145032.45
2024-04-16,09:05 AM,09:15 AM,01:30 PM,AEGISLOG,LONG,475.05,498.82,465.54,489.31,498.82,152,HIT_T2,3613.75,0.024917,148646.2
2024-04-18,09:05 AM,09:15 AM,01:30 PM,AEGISLOG,LONG,516.13,541.93,505.81,531.61,541.93,144,HIT_T2,3715.18,0.024993,152361.38
2024-04-18,09:05 AM,09:15 AM,01:30 PM,ARE&M,LONG,951.39,998.96,932.36,979.93,998.96,80,HIT_T2,3805.98,0.02498,156167.36
2024-04-18,09:05 AM,09:15 AM,03:15 PM,ANANDRATHI,LONG,1019.76,1022.26,999.37,1050.35,1070.74,76,EXPIRED_SAME_DAY,189.88,0.001216,156357.24
2024-04-19,09:05 AM,09:15 AM,03:15 PM,AEGISLOG,LONG,489.74,484.35,479.94,504.44,514.24,159,EXPIRED_SAME_DAY,-856.37,-0.005477,155500.87
2024-04-19,09:05 AM,09:15 AM,11:15 AM,360ONE,LONG,777.15,800.47,761.6,800.47,816.02,100,HIT_T1,2332.32,0.014999,157833.19
2024-04-19,09:05 AM,09:15 AM,01:30 PM,ARE&M,LONG,952.41,1000.03,933.36,980.98,1000.03,82,HIT_T2,3904.86,0.02474,161738.05
2024-04-22,09:05 AM,09:15 AM,03:15 PM,ARE&M,LONG,995.3,1016.18,975.39,1025.16,1045.07,81,EXPIRED_SAME_DAY,1691.66,0.010459,163429.71
2024-04-22,09:05 AM,09:15 AM,10:45 AM,ASTERDM,LONG,401.75,393.72,393.72,413.8,421.83,203,HIT_SL,-1630.91,-0.009979,161798.8
2024-04-22,09:05 AM,09:15 AM,10:45 AM,360ONE,LONG,781.05,765.43,765.43,804.48,820.1,103,HIT_SL,-1609.07,-0.009945,160189.74
2024-04-23,09:05 AM,09:15 AM,01:30 PM,ARE&M,LONG,1025.4,1076.67,1004.89,1056.16,1076.67,78,HIT_T2,3999.21,0.024965,164188.95
2024-04-23,09:05 AM,09:15 AM,03:15 PM,BHARTIHEXA,LONG,906.69,908.85,888.56,933.89,952.02,90,EXPIRED_SAME_DAY,194.19,0.001183,164383.13
2024-04-23,09:05 AM,09:15 AM,03:15 PM,CGPOWER,LONG,532.76,531.92,522.11,548.74,559.39,154,EXPIRED_SAME_DAY,-129.61,-0.000788,164253.52
2024-04-24,09:05 AM,09:15 AM,10:45 AM,ARE&M,LONG,1145.57,1122.65,1122.65,1179.95,1202.87,71,HIT_SL,-1626.99,-0.009905,162626.53
2024-04-24,09:05 AM,09:15 AM,11:15 AM,BHARTIHEXA,LONG,912.18,939.54,893.94,939.54,957.78,89,HIT_T1,2434.91,0.014972,165061.44
2024-04-24,09:05 AM,09:15 AM,10:45 AM,BSE,LONG,1068.17,1046.81,1046.81,1100.21,1121.57,77,HIT_SL,-1644.67,-0.009964,163416.77
2024-04-25,09:05 AM,09:15 AM,10:45 AM,ARE&M,LONG,1105.31,1083.21,1083.21,1138.46,1160.56,73,HIT_SL,-1613.62,-0.009874,161803.15
2024-04-25,09:05 AM,09:15 AM,03:15 PM,AEGISLOG,LONG,585.14,589.26,573.43,602.7,614.41,138,EXPIRED_SAME_DAY,568.99,0.003517,162372.14
2024-04-25,09:05 AM,09:15 AM,03:15 PM,APARINDS,LONG,7732.41,7755.04,7577.77,7964.37,8119.01,10,EXPIRED_SAME_DAY,226.27,0.001393,162598.41
2024-04-26,09:05 AM,09:15 AM,01:30 PM,AEGISLOG,LONG,588.03,617.43,576.27,605.67,617.43,138,HIT_T2,4056.73,0.024949,166655.13
2024-04-26,09:05 AM,09:15 AM,11:15 AM,ABFRL,LONG,266.5,274.5,261.17,274.5,279.82,312,HIT_T1,2496.0,0.014977,169151.13
2024-04-26,09:05 AM,09:15 AM,10:45 AM,BDL,LONG,1027.61,1007.06,1007.06,1058.43,1078.98,82,HIT_SL,-1685.06,-0.009962,167466.08
2024-04-29,09:05 AM,09:15 AM,01:30 PM,AEGISLOG,LONG,624.46,655.69,611.97,643.2,655.69,134,HIT_T2,4184.78,0.024989,171650.86
2024-04-29,09:05 AM,09:15 AM,10:45 AM,BIOCON,LONG,309.29,303.1,303.1,318.57,324.76,277,HIT_SL,-1713.63,-0.009983,169937.24
2024-04-29,09:05 AM,09:15 AM,10:45 AM,ABFRL,LONG,271.0,265.58,265.58,279.13,284.55,313,HIT_SL,-1696.46,-0.009983,168240.78
2024-04-30,09:05 AM,09:15 AM,10:45 AM,AEGISLOG,LONG,684.35,670.67,670.67,704.87,718.55,122,HIT_SL,-1669.37,-0.009923,166571.4
2024-04-30,09:05 AM,09:15 AM,10:45 AM,ABCAPITAL,LONG,241.75,236.92,236.92,249.0,253.82,344,HIT_SL,-1661.52,-0.009975,164909.88
2024-04-30,09:05 AM,09:15 AM,10:45 AM,BIOCON,LONG,305.7,299.59,299.59,314.87,320.98,269,HIT_SL,-1643.72,-0.009967,163266.16
2024-05-02,09:05 AM,09:15 AM,10:45 AM,AEGISLOG,LONG,668.64,655.27,655.27,688.7,702.07,122,HIT_SL,-1631.59,-0.009993,161634.57
2024-05-02,09:05 AM,09:15 AM,03:15 PM,AXISBANK,LONG,1153.23,1147.1,1130.17,1187.82,1210.88,70,EXPIRED_SAME_DAY,-429.3,-0.002656,161205.27
2024-05-02,09:05 AM,09:15 AM,11:15 AM,ASHOKLEY,LONG,93.12,95.91,91.26,95.91,97.77,866,HIT_T1,2417.0,0.014993,163622.26
2024-05-03,09:05 AM,09:15 AM,03:15 PM,ASHOKLEY,LONG,96.88,96.19,94.94,99.79,101.73,843,EXPIRED_SAME_DAY,-577.58,-0.00353,163044.69
2024-05-03,09:05 AM,09:15 AM,01:30 PM,BHEL,LONG,294.18,308.88,288.3,303.0,308.88,277,HIT_T2,4071.23,0.02497,167115.91
2024-05-03,09:05 AM,09:15 AM,10:45 AM,MAHABANK,LONG,64.63,63.33,63.33,66.58,67.88,1285,HIT_SL,-1666.41,-0.009972,165449.5
2024-05-06,09:05 AM,09:15 AM,03:15 PM,ASHOKLEY,LONG,96.85,95.5,94.91,99.76,101.7,852,EXPIRED_SAME_DAY,-1151.37,-0.006959,164298.13
2024-05-06,09:05 AM,09:15 AM,10:45 AM,BHEL,LONG,306.26,300.13,300.13,315.45,321.58,268,HIT_SL,-1642.25,-0.009996,162655.88
2024-05-06,09:05 AM,09:15 AM,10:45 AM,AJANTPHARM,LONG,2319.45,2273.06,2273.06,2389.04,2435.43,35,HIT_SL,-1623.79,-0.009983,161032.09
2024-05-07,09:05 AM,09:15 AM,03:15 PM,BLUEDART,LONG,7150.55,7146.09,7007.54,7365.07,7508.08,11,EXPIRED_SAME_DAY,-49.1,-0.000305,160983.0
2024-05-07,09:05 AM,09:15 AM,10:45 AM,AJANTPHARM,LONG,2349.07,2302.09,2302.09,2419.54,2466.52,34,HIT_SL,-1597.42,-0.009923,159385.57
2024-05-07,09:05 AM,09:15 AM,10:45 AM,BRIGADE,LONG,835.66,818.94,818.94,860.74,877.46,95,HIT_SL,-1588.02,-0.009963,157797.55
2024-05-08,09:05 AM,09:15 AM,11:15 AM,BLUEDART,LONG,7048.79,7260.25,6907.82,7260.25,7401.22,11,HIT_T1,2326.04,0.014741,160123.59
2024-05-08,09:05 AM,09:15 AM,03:15 PM,AJANTPHARM,LONG,2336.11,2299.3,2289.39,2406.19,2452.91,34,EXPIRED_SAME_DAY,-1251.5,-0.007816,158872.09
2024-05-08,09:05 AM,09:15 AM,03:15 PM,BRIGADE,LONG,812.51,825.09,796.26,836.88,853.13,97,EXPIRED_SAME_DAY,1220.51,0.007682,160092.6
2024-05-09,09:05 AM,09:15 AM,10:45 AM,BLUEDART,LONG,7226.55,7082.02,7082.02,7443.35,7587.88,11,HIT_SL,-1589.85,-0.009931,158502.75
2024-05-09,09:05 AM,09:15 AM,11:15 AM,BHARATFORG,LONG,1389.97,1431.67,1362.17,1431.67,1459.47,57,HIT_T1,2376.69,0.014995,160879.44
2024-05-09,09:05 AM,09:15 AM,10:45 AM,ABB,LONG,7026.14,6885.62,6885.62,7236.92,7377.44,11,HIT_SL,-1545.73,-0.009608,159333.71
2024-05-10,09:05 AM,09:15 AM,10:45 AM,BLUEDART,LONG,7009.18,6869.0,6869.0,7219.45,7359.63,11,HIT_SL,-1541.97,-0.009678,157791.73
2024-05-10,09:05 AM,09:15 AM,10:45 AM,BHARATFORG,LONG,1399.43,1371.44,1371.44,1441.42,1469.41,56,HIT_SL,-1567.47,-0.009934,156224.26
2024-05-10,09:05 AM,09:15 AM,10:45 AM,AJANTPHARM,LONG,2382.62,2334.97,2334.97,2454.1,2501.75,32,HIT_SL,-1524.96,-0.009761,154699.3
2024-05-13,09:05 AM,09:15 AM,03:15 PM,BHARATFORG,LONG,1369.73,1394.9,1342.34,1410.81,1438.2,56,EXPIRED_SAME_DAY,1409.52,0.009111,156108.83
2024-05-13,09:05 AM,09:15 AM,01:30 PM,ABB,LONG,7362.58,7730.73,7215.32,7583.47,7730.73,10,HIT_T2,3681.54,0.023583,159790.36
2024-05-13,09:05 AM,09:15 AM,03:15 PM,BRITANNIA,LONG,4863.93,4917.22,4766.65,5009.85,5107.13,16,EXPIRED_SAME_DAY,852.59,0.005336,160642.95
2024-05-14,09:05 AM,09:15 AM,03:15 PM,ABB,LONG,7835.54,7880.25,7678.83,8070.6,8227.31,10,EXPIRED_SAME_DAY,447.13,0.002783,161090.08
2024-05-14,09:05 AM,09:15 AM,03:15 PM,BHARATFORG,LONG,1392.88,1419.38,1365.02,1434.67,1462.53,57,EXPIRED_SAME_DAY,1510.51,0.009377,162600.59
2024-05-14,09:05 AM,09:15 AM,11:15 AM,CGPOWER,LONG,588.53,606.18,576.76,606.18,617.95,138,HIT_T1,2436.07,0.014982,165036.66
2024-05-15,09:05 AM,09:15 AM,03:15 PM,ABB,LONG,7879.42,7883.61,7721.83,8115.8,8273.39,10,EXPIRED_SAME_DAY,41.9,0.000254,165078.57
2024-05-15,09:05 AM,09:15 AM,03:15 PM,BHARATFORG,LONG,1417.61,1440.9,1389.25,1460.15,1488.51,58,EXPIRED_SAME_DAY,1351.07,0.008184,166429.63
2024-05-15,09:05 AM,09:15 AM,10:45 AM,BEML,LONG,1884.12,1846.44,1846.44,1940.64,1978.32,44,HIT_SL,-1658.02,-0.009962,164771.61
2024-05-16,09:05 AM,09:15 AM,11:15 AM,ABB,LONG,7883.61,8120.12,7725.94,8120.12,8277.79,10,HIT_T1,2365.07,0.014354,167136.69
2024-05-16,09:05 AM,09:15 AM,10:45 AM,BEML,LONG,1877.71,1840.15,1840.15,1934.05,1971.61,44,HIT_SL,-1652.5,-0.009887,165484.18
2024-05-16,09:05 AM,09:15 AM,10:45 AM,CGPOWER,LONG,634.33,621.65,621.65,653.35,666.03,130,HIT_SL,-1649.03,-0.009965,163835.16
2024-05-17,09:05 AM,09:15 AM,03:15 PM,ABB,LONG,8093.96,8163.54,7932.08,8336.78,8498.66,10,EXPIRED_SAME_DAY,695.82,0.004247,164530.97
2024-05-17,09:05 AM,09:15 AM,01:30 PM,BEML,LONG,1831.81,1923.39,1795.18,1886.76,1923.39,44,HIT_T2,4029.39,0.02449,168560.36
2024-05-17,09:05 AM,09:15 AM,03:15 PM,BLUESTARCO,LONG,1553.38,1561.37,1522.31,1599.99,1631.06,54,EXPIRED_SAME_DAY,431.39,0.002559,168991.75
2024-05-21,09:05 AM,09:15 AM,10:45 AM,BEML,LONG,2072.63,2031.18,2031.18,2134.81,2176.26,40,HIT_SL,-1658.13,-0.009812,167333.62
2024-05-21,09:05 AM,09:15 AM,01:30 PM,BDL,LONG,1259.22,1322.19,1234.03,1297.0,1322.19,66,HIT_T2,4156.13,0.024837,171489.75
2024-05-21,09:05 AM,09:15 AM,03:15 PM,ABB,LONG,8142.72,8337.07,7979.86,8387.01,8549.87,10,EXPIRED_SAME_DAY,1943.53,0.011333,173433.28
2024-05-22,09:05 AM,09:15 AM,01:30 PM,BDL,LONG,1274.1,1337.82,1248.61,1312.33,1337.82,68,HIT_T2,4333.18,0.024985,177766.46
2024-05-22,09:05 AM,09:15 AM,11:15 AM,BALKRISIND,LONG,3005.14,3095.29,2945.04,3095.29,3155.39,29,HIT_T1,2614.39,0.014707,180380.85
2024-05-22,09:05 AM,09:15 AM,10:45 AM,BEL,LONG,272.93,267.47,267.47,281.12,286.58,330,HIT_SL,-1802.57,-0.009993,178578.28
2024-05-23,09:05 AM,09:15 AM,01:30 PM,BDL,LONG,1321.21,1387.26,1294.79,1360.84,1387.26,67,HIT_T2,4425.21,0.02478,183003.49
2024-05-23,09:05 AM,09:15 AM,10:45 AM,BALKRISIND,LONG,3065.11,3003.8,3003.8,3157.07,3218.38,29,HIT_SL,-1777.86,-0.009715,181225.62
2024-05-23,09:05 AM,09:15 AM,03:15 PM,BEL,LONG,282.1,284.26,276.45,290.57,296.22,320,EXPIRED_SAME_DAY,692.56,0.003822,181918.18
2024-05-24,09:05 AM,09:15 AM,01:30 PM,BDL,LONG,1423.33,1494.5,1394.86,1466.03,1494.5,63,HIT_T2,4483.82,0.024647,186402.0
2024-05-24,09:05 AM,09:15 AM,11:15 AM,BEL,LONG,283.77,292.28,278.1,292.28,297.95,328,HIT_T1,2791.01,0.014973,189193.02
2024-05-24,09:05 AM,09:15 AM,03:15 PM,BALKRISIND,LONG,2999.33,2997.21,2939.34,3089.31,3149.3,31,EXPIRED_SAME_DAY,-65.69,-0.000347,189127.32
2024-05-27,09:05 AM,09:15 AM,11:15 AM,BDL,LONG,1567.2,1614.21,1535.86,1614.21,1645.55,60,HIT_T1,2820.39,0.014913,191947.71
2024-05-27,09:05 AM,09:15 AM,10:45 AM,BEL,LONG,297.32,291.37,291.37,306.24,312.19,322,HIT_SL,-1915.55,-0.00998,190032.16
2024-05-27,09:05 AM,09:15 AM,10:45 AM,BEML,LONG,2264.6,2219.31,2219.31,2332.53,2377.82,41,HIT_SL,-1856.82,-0.009771,188175.34
2024-05-28,09:05 AM,09:15 AM,10:45 AM,BDL,LONG,1529.51,1498.92,1498.92,1575.4,1605.99,61,HIT_SL,-1866.07,-0.009917,186309.27
2024-05-28,09:05 AM,09:15 AM,01:30 PM,AEGISLOG,LONG,724.61,760.83,710.12,746.34,760.83,128,HIT_T2,4636.22,0.024885,190945.49
2024-05-28,09:05 AM,09:15 AM,10:45 AM,BEL,LONG,291.36,285.53,285.53,300.1,305.93,327,HIT_SL,-1905.67,-0.00998,189039.82
2024-05-29,09:05 AM,09:15 AM,11:15 AM,AEGISLOG,LONG,733.99,756.01,719.31,756.01,770.69,128,HIT_T1,2819.04,0.014912,191858.86
2024-05-29,09:05 AM,09:15 AM,01:30 PM,BDL,LONG,1432.3,1503.9,1403.66,1475.26,1503.9,66,HIT_T2,4725.27,0.024629,196584.13
2024-05-29,09:05 AM,09:15 AM,03:15 PM,CIEINDIA,LONG,519.05,518.52,508.67,534.62,545.0,189,EXPIRED_SAME_DAY,-100.01,-0.000509,196484.12
2024-05-30,09:05 AM,09:15 AM,03:15 PM,BDL,LONG,1542.41,1535.02,1511.56,1588.68,1619.53,63,EXPIRED_SAME_DAY,-465.32,-0.002368,196018.8
2024-05-30,09:05 AM,09:15 AM,10:45 AM,AEGISLOG,LONG,726.67,712.14,712.14,748.47,763.0,134,HIT_SL,-1947.2,-0.009934,194071.59
2024-05-30,09:05 AM,09:15 AM,03:15 PM,AUBANK,LONG,644.46,636.19,631.57,663.79,676.68,150,EXPIRED_SAME_DAY,-1240.1,-0.00639,192831.5
2024-05-31,09:05 AM,09:15 AM,10:45 AM,AEGISLOG,LONG,689.95,676.15,676.15,710.65,724.45,139,HIT_SL,-1918.2,-0.009948,190913.3
2024-05-31,09:05 AM,09:15 AM,10:45 AM,3MINDIA,LONG,32378.44,31730.87,31730.87,33349.79,33997.36,2,HIT_SL,-1295.13,-0.006784,189618.17
2024-05-31,09:05 AM,09:15 AM,10:45 AM,BDL,LONG,1612.83,1580.57,1580.57,1661.22,1693.48,58,HIT_SL,-1871.14,-0.009868,187747.03
2024-06-03,09:05 AM,09:15 AM,10:45 AM,3MINDIA,LONG,32472.85,31823.4,31823.4,33447.03,34096.48,2,HIT_SL,-1298.91,-0.006918,186448.12
2024-06-03,09:05 AM,09:15 AM,10:45 AM,ADANIPOWER,LONG,174.0,170.52,170.52,179.22,182.7,535,HIT_SL,-1861.8,-0.009986,184586.32
2024-06-03,09:05 AM,09:15 AM,10:45 AM,BIKAJI,LONG,602.22,590.17,590.17,620.29,632.34,153,HIT_SL,-1842.92,-0.009984,182743.4
2024-06-04,09:05 AM,09:15 AM,10:45 AM,ADANIPOWER,LONG,174.6,171.11,171.11,179.84,183.33,523,HIT_SL,-1825.27,-0.009988,180918.13
2024-06-04,09:05 AM,09:15 AM,10:45 AM,ATGL,LONG,1113.9,1091.62,1091.62,1147.32,1169.6,81,HIT_SL,-1804.84,-0.009976,179113.29
2024-06-04,09:05 AM,09:15 AM,10:45 AM,ADANIENT,LONG,3515.31,3445.0,3445.0,3620.77,3691.08,25,HIT_SL,-1757.73,-0.009814,177355.55
2024-06-05,09:05 AM,09:15 AM,01:30 PM,ADANIPOWER,LONG,148.4,155.82,145.43,152.85,155.82,597,HIT_T2,4429.74,0.024977,181785.3
2024-06-05,09:05 AM,09:15 AM,10:45 AM,BLUESTARCO,LONG,1587.9,1556.14,1556.14,1635.54,1667.3,57,HIT_SL,-1810.37,-0.009959,179974.93
2024-06-05,09:05 AM,09:15 AM,01:30 PM,BIKAJI,LONG,594.25,623.95,582.37,612.07,623.95,151,HIT_T2,4484.39,0.024917,184459.32
2024-06-06,09:05 AM,09:15 AM,10:45 AM,BIKAJI,LONG,647.01,634.07,634.07,666.42,679.36,142,HIT_SL,-1837.21,-0.00996,182622.12
2024-06-06,09:05 AM,09:15 AM,10:45 AM,DMART,LONG,4861.95,4764.71,4764.71,5007.81,5105.05,18,HIT_SL,-1750.32,-0.009584,180871.79
2024-06-06,09:05 AM,09:15 AM,01:30 PM,ADANIPOWER,LONG,149.98,157.48,146.98,154.48,157.48,602,HIT_T2,4515.0,0.024962,185386.79
2024-06-07,09:05 AM,09:15 AM,01:30 PM,AIIL,LONG,195.22,204.99,191.31,201.08,204.99,474,HIT_T2,4632.24,0.024987,190019.04
2024-06-07,09:05 AM,09:15 AM,01:30 PM,BIKAJI,LONG,647.01,679.36,634.07,666.42,679.36,146,HIT_T2,4723.37,0.024857,194742.41
2024-06-07,09:05 AM,09:15 AM,03:15 PM,AEGISLOG,LONG,776.8,776.8,761.26,800.11,815.65,125,EXPIRED_SAME_DAY,0.6,3e-06,194743.02
2024-06-10,09:05 AM,09:15 AM,10:45 AM,AIIL,LONG,213.41,209.14,209.14,219.82,224.09,456,HIT_SL,-1947.69,-0.010001,192795.33
2024-06-10,09:05 AM,09:15 AM,01:30 PM,ARE&M,LONG,1414.88,1485.63,1386.58,1457.33,1485.63,68,HIT_T2,4810.96,0.024954,197606.28
2024-06-10,09:05 AM,09:15 AM,10:45 AM,BIKAJI,LONG,696.78,682.84,682.84,717.69,731.63,141,HIT_SL,-1965.25,-0.009945,195641.03
2024-06-11,09:05 AM,09:15 AM,11:15 AM,BIKAJI,LONG,686.82,707.42,673.09,707.42,721.15,142,HIT_T1,2924.63,0.014949,198565.67
2024-06-11,09:05 AM,09:15 AM,10:45 AM,ARE&M,LONG,1374.82,1347.33,1347.33,1416.06,1443.55,72,HIT_SL,-1979.62,-0.00997,196586.05
2024-06-11,09:05 AM,09:15 AM,11:15 AM,BAYERCROP,LONG,5543.79,5710.1,5432.92,5710.1,5820.97,17,HIT_T1,2827.21,0.014382,199413.26
2024-06-12,09:05 AM,09:15 AM,11:15 AM,AIIL,LONG,210.13,216.43,205.93,216.43,220.63,474,HIT_T1,2984.23,0.014965,202397.49
2024-06-12,09:05 AM,09:15 AM,10:45 AM,ANANTRAJ,LONG,425.67,417.15,417.15,438.45,446.97,237,HIT_SL,-2018.81,-0.009974,200378.68
2024-06-12,09:05 AM,09:15 AM,10:45 AM,ARE&M,LONG,1339.75,1312.95,1312.95,1379.95,1406.75,74,HIT_SL,-1982.87,-0.009896,198395.81
2024-06-13,09:05 AM,09:15 AM,11:15 AM,AIIL,LONG,220.15,226.76,215.74,226.76,231.17,449,HIT_T1,2970.01,0.01497,201365.82
2024-06-13,09:05 AM,09:15 AM,10:45 AM,AAVAS,LONG,1915.45,1877.14,1877.14,1972.91,2011.22,52,HIT_SL,-1992.12,-0.009893,199373.7
2024-06-13,09:05 AM,09:15 AM,03:15 PM,ACUTAAS,LONG,660.74,660.07,647.53,680.55,693.76,150,EXPIRED_SAME_DAY,-100.48,-0.000504,199273.22
2024-06-14,09:05 AM,09:15 AM,01:30 PM,AADHARHFC,LONG,398.0,417.9,390.04,409.94,417.9,250,HIT_T2,4975.0,0.024966,204248.22
2024-06-14,09:05 AM,09:15 AM,11:15 AM,AIIL,LONG,222.8,229.48,218.35,229.48,233.93,458,HIT_T1,3058.1,0.014972,207306.32
2024-06-14,09:05 AM,09:15 AM,10:45 AM,BALRAMCHIN,LONG,437.6,428.85,428.85,450.73,459.48,236,HIT_SL,-2066.02,-0.009966,205240.3
2024-06-18,09:05 AM,09:15 AM,10:45 AM,BEML,LONG,2343.33,2296.47,2296.47,2413.62,2460.48,43,HIT_SL,-2015.14,-0.009818,203225.16
2024-06-18,09:05 AM,09:15 AM,03:15 PM,ABSLAMC,LONG,635.16,626.55,622.46,654.21,666.91,160,EXPIRED_SAME_DAY,-1377.88,-0.00678,201847.29
2024-06-18,09:05 AM,09:15 AM,10:45 AM,AADHARHFC,LONG,425.4,416.89,416.89,438.16,446.67,237,HIT_SL,-2016.87,-0.009992,199830.42
2024-06-19,09:05 AM,09:15 AM,10:45 AM,BEML,LONG,2333.69,2287.01,2287.01,2403.71,2450.39,42,HIT_SL,-1960.39,-0.00981,197870.02
2024-06-19,09:05 AM,09:15 AM,10:45 AM,BDL,LONG,1615.56,1583.25,1583.25,1664.02,1696.33,61,HIT_SL,-1970.83,-0.00996,195899.19
2024-06-19,09:05 AM,09:15 AM,10:45 AM,ABREL,LONG,2305.96,2259.84,2259.84,2375.14,2421.26,42,HIT_SL,-1937.02,-0.009888,193962.17
2024-06-20,09:05 AM,09:15 AM,03:15 PM,AIAENG,LONG,4199.29,4207.72,4115.3,4325.28,4409.27,23,EXPIRED_SAME_DAY,193.88,0.001,194156.05
2024-06-20,09:05 AM,09:15 AM,10:45 AM,BEML,LONG,2232.5,2187.85,2187.85,2299.47,2344.12,43,HIT_SL,-1919.85,-0.009888,192236.2
2024-06-20,09:05 AM,09:15 AM,03:15 PM,BLS,LONG,364.96,362.73,357.66,375.91,383.21,263,EXPIRED_SAME_DAY,-586.12,-0.003049,191650.08
2024-06-21,09:05 AM,09:15 AM,01:30 PM,MAPMYINDIA,LONG,2513.86,2639.56,2463.58,2589.28,2639.56,38,HIT_T2,4776.72,0.024924,196426.8
2024-06-21,09:05 AM,09:15 AM,10:45 AM,BEML,LONG,2209.01,2164.83,2164.83,2275.28,2319.46,44,HIT_SL,-1943.81,-0.009896,194482.99
2024-06-21,09:05 AM,09:15 AM,03:15 PM,AIAENG,LONG,4173.52,4213.47,4090.05,4298.72,4382.19,23,EXPIRED_SAME_DAY,918.94,0.004725,195401.93
2024-06-24,09:05 AM,09:15 AM,10:45 AM,MAPMYINDIA,LONG,2465.17,2415.87,2415.87,2539.12,2588.42,39,HIT_SL,-1922.69,-0.00984,193479.24
2024-06-24,09:05 AM,09:15 AM,03:15 PM,AIAENG,LONG,4213.47,4258.87,4129.2,4339.87,4424.14,22,EXPIRED_SAME_DAY,998.88,0.005163,194478.13
2024-06-24,09:05 AM,09:15 AM,01:30 PM,ASAHIINDIA,LONG,676.32,710.14,662.79,696.61,710.14,143,HIT_T2,4836.78,0.024871,199314.9
2024-06-25,09:05 AM,09:15 AM,03:15 PM,MAPMYINDIA,LONG,2391.64,2398.5,2343.81,2463.39,2511.22,41,EXPIRED_SAME_DAY,281.19,0.001411,199596.1
2024-06-25,09:05 AM,09:15 AM,10:45 AM,BBTC,LONG,1965.72,1926.4,1926.4,2024.7,2064.02,50,HIT_SL,-1965.87,-0.009849,197630.22
2024-06-25,09:05 AM,09:15 AM,10:45 AM,ASAHIINDIA,LONG,711.13,696.9,696.9,732.47,746.7,138,HIT_SL,-1963.29,-0.009934,195666.93
2024-06-26,09:05 AM,09:15 AM,10:45 AM,MAPMYINDIA,LONG,2344.94,2298.04,2298.04,2415.29,2462.19,41,HIT_SL,-1922.97,-0.009828,193743.96
2024-06-26,09:05 AM,09:15 AM,01:30 PM,ARE&M,LONG,1621.75,1702.85,1589.31,1670.41,1702.85,59,HIT_T2,4785.14,0.024698,198529.11
2024-06-26,09:05 AM,09:15 AM,03:15 PM,BBTC,LONG,1900.88,1911.18,1862.86,1957.91,1995.93,52,EXPIRED_SAME_DAY,535.51,0.002697,199064.62
2024-06-27,09:05 AM,09:15 AM,10:45 AM,BBTC,LONG,1910.49,1872.28,1872.28,1967.81,2006.02,52,HIT_SL,-1987.15,-0.009982,197077.47
2024-06-27,09:05 AM,09:15 AM,10:45 AM,ARE&M,LONG,1626.62,1594.09,1594.09,1675.42,1707.95,60,HIT_SL,-1952.09,-0.009905,195125.38
2024-06-27,09:05 AM,09:15 AM,10:45 AM,AIIL,LONG,232.79,228.14,228.14,239.77,244.42,419,HIT_SL,-1950.07,-0.009994,193175.31
2024-06-28,09:05 AM,09:15 AM,01:30 PM,BBTC,LONG,1864.05,1957.25,1826.77,1919.97,1957.25,51,HIT_T2,4753.2,0.024606,197928.5
2024-06-28,09:05 AM,09:15 AM,01:30 PM,ARE&M,LONG,1561.25,1639.32,1530.02,1608.09,1639.32,63,HIT_T2,4918.57,0.02485,202847.07
2024-06-28,09:05 AM,09:15 AM,01:30 PM,360ONE,LONG,920.87,966.92,902.45,948.5,966.92,110,HIT_T2,5065.43,0.024972,207912.5
2024-07-01,09:05 AM,09:15 AM,11:15 AM,BBTC,LONG,2005.93,2066.11,1965.81,2066.11,2106.23,51,HIT_T1,3069.02,0.014761,210981.51
2024-07-01,09:05 AM,09:15 AM,11:15 AM,ARE&M,LONG,1619.79,1668.38,1587.4,1668.38,1700.77,65,HIT_T1,3158.06,0.014968,214139.58
2024-07-01,09:05 AM,09:15 AM,10:45 AM,360ONE,LONG,975.79,956.27,956.27,1005.07,1024.59,109,HIT_SL,-2127.62,-0.009936,212011.96
2024-07-02,09:05 AM,09:15 AM,10:45 AM,ARE&M,LONG,1675.41,1641.91,1641.91,1725.66,1759.16,63,HIT_SL,-2110.74,-0.009956,209901.22
2024-07-02,09:05 AM,09:15 AM,10:45 AM,360ONE,LONG,951.42,932.39,932.39,979.96,998.99,110,HIT_SL,-2093.22,-0.009972,207808.0
2024-07-02,09:05 AM,09:15 AM,10:45 AM,APOLLOTYRE,LONG,528.78,518.2,518.2,544.65,555.23,196,HIT_SL,-2072.9,-0.009975,205735.1
2024-07-03,09:05 AM,09:15 AM,10:45 AM,360ONE,LONG,948.33,929.36,929.36,976.78,995.75,108,HIT_SL,-2048.76,-0.009958,203686.34
2024-07-03,09:05 AM,09:15 AM,11:15 AM,AMBER,LONG,4510.0,4645.3,4419.8,4645.3,4735.5,22,HIT_T1,2976.6,0.014614,206662.94
2024-07-03,09:05 AM,09:15 AM,03:15 PM,ANANTRAJ,LONG,483.82,485.31,474.14,498.34,508.02,213,EXPIRED_SAME_DAY,317.81,0.001538,206980.75
2024-07-04,09:05 AM,09:15 AM,10:45 AM,ANANTRAJ,LONG,486.85,477.12,477.12,501.45,511.18,212,HIT_SL,-2063.79,-0.009971,204916.96
2024-07-04,09:05 AM,09:15 AM,01:30 PM,BAJAJHLDNG,LONG,9067.5,9520.88,8886.15,9339.53,9520.88,11,HIT_T2,4987.15,0.024337,209904.1
2024-07-04,09:05 AM,09:15 AM,10:45 AM,AADHARHFC,LONG,441.9,433.06,433.06,455.16,464.0,237,HIT_SL,-2095.08,-0.009981,207809.03
2024-07-05,09:05 AM,09:15 AM,10:45 AM,BAJAJHLDNG,LONG,9633.0,9440.34,9440.34,9921.99,10114.65,10,HIT_SL,-1926.63,-0.009271,205882.4
2024-07-05,09:05 AM,09:15 AM,01:30 PM,ANANTRAJ,LONG,487.9,512.3,478.14,502.54,512.3,210,HIT_T2,5123.94,0.024888,211006.34
2024-07-05,09:05 AM,09:15 AM,03:15 PM,BBTC,LONG,2034.33,2014.27,1993.64,2095.36,2136.05,51,EXPIRED_SAME_DAY,-1023.03,-0.004848,209983.31
2024-07-08,09:05 AM,09:15 AM,11:15 AM,ANANTRAJ,LONG,527.78,543.62,517.22,543.62,554.18,198,HIT_T1,3136.57,0.014937,213119.88
2024-07-08,09:05 AM,09:15 AM,11:15 AM,BEML,LONG,2566.12,2643.11,2514.79,2643.11,2694.44,41,HIT_T1,3156.71,0.014812,216276.59
2024-07-08,09:05 AM,09:15 AM,03:15 PM,BAJAJHLDNG,LONG,9520.88,9657.52,9330.46,9806.51,9996.93,11,EXPIRED_SAME_DAY,1503.06,0.00695,217779.66
2024-07-09,09:05 AM,09:15 AM,10:45 AM,ANANTRAJ,LONG,546.15,535.23,535.23,562.53,573.45,199,HIT_SL,-2173.02,-0.009978,215606.64
2024-07-09,09:05 AM,09:15 AM,10:45 AM,BEML,LONG,2581.91,2530.27,2530.27,2659.37,2711.01,41,HIT_SL,-2117.19,-0.00982,213489.45
2024-07-09,09:05 AM,09:15 AM,03:15 PM,BAJAJHLDNG,LONG,9613.5,9601.8,9421.23,9901.91,10094.18,11,EXPIRED_SAME_DAY,-128.73,-0.000603,213360.72
2024-07-10,09:05 AM,09:15 AM,10:45 AM,BLUESTARCO,LONG,1846.3,1809.38,1809.38,1901.68,1938.6,57,HIT_SL,-2104.69,-0.009864,211256.03
2024-07-10,09:05 AM,09:15 AM,10:45 AM,CESC,LONG,172.26,168.81,168.81,177.43,180.88,612,HIT_SL,-2110.6,-0.009991,209145.43
2024-07-10,09:05 AM,09:15 AM,10:45 AM,BBTC,LONG,2299.17,2253.18,2253.18,2368.15,2414.14,45,HIT_SL,-2069.33,-0.009894,207076.1
2024-07-11,09:05 AM,09:15 AM,10:45 AM,CESC,LONG,176.11,172.59,172.59,181.39,184.91,588,HIT_SL,-2069.54,-0.009994,205006.56
2024-07-11,09:05 AM,09:15 AM,03:15 PM,AUROPHARMA,LONG,1329.01,1312.97,1302.43,1368.88,1395.46,77,EXPIRED_SAME_DAY,-1235.17,-0.006025,203771.38
2024-07-11,09:05 AM,09:15 AM,11:15 AM,BBTC,LONG,2224.23,2290.96,2179.74,2290.96,2335.45,45,HIT_T1,3003.01,0.014737,206774.39
2024-07-12,09:05 AM,09:15 AM,10:45 AM,CESC,LONG,180.99,177.37,177.37,186.42,190.04,571,HIT_SL,-2069.14,-0.010007,204705.25
2024-07-12,09:05 AM,09:15 AM,11:15 AM,BBTC,LONG,2267.78,2335.82,2222.42,2335.82,2381.18,45,HIT_T1,3061.94,0.014958,207767.19
2024-07-12,09:05 AM,09:15 AM,10:45 AM,BEML,LONG,2536.51,2485.78,2485.78,2612.6,2663.33,40,HIT_SL,-2029.14,-0.009766,205738.06
2024-07-15,09:05 AM,09:15 AM,11:15 AM,BBTC,LONG,2245.22,2312.58,2200.31,2312.58,2357.49,45,HIT_T1,3031.34,0.014734,208769.4
2024-07-15,09:05 AM,09:15 AM,10:45 AM,CESC,LONG,175.58,172.07,172.07,180.85,184.36,594,HIT_SL,-2087.11,-0.009997,206682.29
2024-07-15,09:05 AM,09:15 AM,10:45 AM,AFFLE,LONG,1440.0,1411.2,1411.2,1483.2,1512.0,71,HIT_SL,-2044.8,-0.009893,204637.49
2024-07-16,09:05 AM,09:15 AM,10:45 AM,BBTC,LONG,2259.73,2214.54,2214.54,2327.52,2372.71,45,HIT_SL,-2033.74,-0.009938,202603.75
2024-07-16,09:05 AM,09:15 AM,10:45 AM,MAHABANK,LONG,65.24,63.93,63.93,67.2,68.51,1546,HIT_SL,-2018.15,-0.009961,200585.6
2024-07-16,09:05 AM,09:15 AM,10:45 AM,CESC,LONG,173.75,170.28,170.28,178.96,182.43,578,HIT_SL,-2006.87,-0.010005,198578.72
2024-07-18,09:05 AM,09:15 AM,10:45 AM,BLUEDART,LONG,8824.01,8647.53,8647.53,9088.73,9265.21,11,HIT_SL,-1941.29,-0.009776,196637.43
2024-07-18,09:05 AM,09:15 AM,10:45 AM,BHARTIHEXA,LONG,1118.37,1096.0,1096.0,1151.92,1174.29,87,HIT_SL,-1946.03,-0.009897,194691.41
2024-07-18,09:05 AM,09:15 AM,10:45 AM,AADHARHFC,LONG,473.0,463.54,463.54,487.19,496.65,205,HIT_SL,-1939.3,-0.009961,192752.11
2024-07-19,09:05 AM,09:15 AM,10:45 AM,AADHARHFC,LONG,465.9,456.58,456.58,479.88,489.2,206,HIT_SL,-1919.92,-0.009961,190832.19
2024-07-19,09:05 AM,09:15 AM,10:45 AM,BSOFT,LONG,733.15,718.49,718.49,755.14,769.8,130,HIT_SL,-1906.11,-0.009988,188926.08
2024-07-19,09:05 AM,09:15 AM,11:15 AM,BHARTIHEXA,LONG,1115.28,1148.73,1092.98,1148.73,1171.03,84,HIT_T1,2809.75,0.014872,191735.83
2024-07-22,09:05 AM,09:15 AM,03:15 PM,BHARTIHEXA,LONG,1098.86,1088.82,1076.88,1131.83,1153.81,87,EXPIRED_SAME_DAY,-873.67,-0.004557,190862.15
2024-07-22,09:05 AM,09:15 AM,01:30 PM,AADHARHFC,LONG,447.9,470.3,438.94,461.34,470.3,213,HIT_T2,4771.2,0.024998,195633.36
2024-07-22,09:05 AM,09:15 AM,11:15 AM,ANURAS,LONG,771.44,794.58,756.01,794.58,810.01,126,HIT_T1,2915.81,0.014904,198549.17
2024-07-23,09:05 AM,09:15 AM,10:45 AM,AADHARHFC,LONG,480.2,470.6,470.6,494.6,504.2,206,HIT_SL,-1977.6,-0.00996,196571.56
2024-07-23,09:05 AM,09:15 AM,10:45 AM,ANURAS,LONG,795.8,779.88,779.88,819.68,835.6,123,HIT_SL,-1958.01,-0.009961,194613.56
2024-07-23,09:05 AM,09:15 AM,11:15 AM,360ONE,LONG,967.55,996.58,948.2,996.58,1015.93,100,HIT_T1,2902.84,0.014916,197516.4
2024-07-24,09:05 AM,09:15 AM,03:15 PM,ASAHIINDIA,LONG,686.41,688.55,672.68,707.01,720.74,143,EXPIRED_SAME_DAY,305.82,0.001548,197822.22
2024-07-24,09:05 AM,09:15 AM,11:15 AM,ANANTRAJ,LONG,515.33,530.78,505.03,530.78,541.08,192,HIT_T1,2966.03,0.014993,200788.25
2024-07-24,09:05 AM,09:15 AM,03:15 PM,ANURAS,LONG,798.69,792.35,782.72,822.65,838.62,125,EXPIRED_SAME_DAY,-793.01,-0.003949,199995.23
2024-07-25,09:05 AM,09:15 AM,03:15 PM,ANANTRAJ,LONG,512.44,513.19,502.19,527.82,538.07,195,EXPIRED_SAME_DAY,146.21,0.000731,200141.45
2024-07-25,09:05 AM,09:15 AM,03:15 PM,AJANTPHARM,LONG,2301.59,2329.55,2255.55,2370.65,2416.69,43,EXPIRED_SAME_DAY,1202.46,0.006008,201343.91
2024-07-25,09:05 AM,09:15 AM,10:45 AM,ASAHIINDIA,LONG,688.25,674.49,674.49,708.89,722.65,146,HIT_SL,-2009.16,-0.009979,199334.75
2024-07-26,09:05 AM,09:15 AM,03:15 PM,BLUEJET,LONG,444.76,444.76,435.87,458.1,466.99,224,EXPIRED_SAME_DAY,-0.55,-3e-06,199334.2
2024-07-26,09:05 AM,09:15 AM,01:30 PM,ANANTRAJ,LONG,514.53,540.26,504.24,529.97,540.26,193,HIT_T2,4965.08,0.024908,204299.29
2024-07-26,09:05 AM,09:15 AM,10:45 AM,BSE,LONG,819.73,803.34,803.34,844.32,860.71,124,HIT_SL,-2032.55,-0.009949,202266.74
2024-07-29,09:05 AM,09:15 AM,10:45 AM,ANANTRAJ,LONG,559.81,548.61,548.61,576.61,587.81,180,HIT_SL,-2015.15,-0.009963,200251.59
2024-07-29,09:05 AM,09:15 AM,10:45 AM,ASAHIINDIA,LONG,690.24,676.44,676.44,710.94,724.74,145,HIT_SL,-2001.08,-0.009993,198250.51
2024-07-29,09:05 AM,09:15 AM,11:15 AM,ASHOKLEY,LONG,118.39,121.94,116.02,121.94,124.31,836,HIT_T1,2968.01,0.014971,201218.52
2024-07-30,09:05 AM,09:15 AM,03:15 PM,ASHOKLEY,LONG,121.91,120.57,119.47,125.57,128.01,824,EXPIRED_SAME_DAY,-1102.65,-0.00548,200115.87
2024-07-30,09:05 AM,09:15 AM,03:15 PM,BANDHANBNK,LONG,214.81,216.12,210.52,221.25,225.54,466,EXPIRED_SAME_DAY,608.22,0.003039,200724.1
2024-07-30,09:05 AM,09:15 AM,03:15 PM,BSE,LONG,808.65,799.47,792.47,832.92,849.1,124,EXPIRED_SAME_DAY,-1137.79,-0.005668,199586.3
2024-07-31,09:05 AM,09:15 AM,03:15 PM,BPCL,LONG,313.93,312.19,307.65,323.35,329.63,317,EXPIRED_SAME_DAY,-552.36,-0.002768,199033.94
2024-07-31,09:05 AM,09:15 AM,01:30 PM,APARINDS,LONG,8881.51,9325.58,8703.88,9147.95,9325.58,11,HIT_T2,4884.82,0.024543,203918.76
2024-07-31,09:05 AM,09:15 AM,03:15 PM,BANDHANBNK,LONG,215.37,214.46,211.06,221.83,226.14,473,EXPIRED_SAME_DAY,-428.3,-0.0021,203490.46
2024-08-01,09:05 AM,09:15 AM,10:45 AM,BANDHANBNK,LONG,213.5,209.23,209.23,219.9,224.17,476,HIT_SL,-2031.11,-0.009981,201459.35
2024-08-01,09:05 AM,09:15 AM,10:45 AM,APARINDS,LONG,9188.64,9004.87,9004.87,9464.29,9648.06,10,HIT_SL,-1837.68,-0.009122,199621.67
2024-08-01,09:05 AM,09:15 AM,11:15 AM,AJANTPHARM,LONG,2607.44,2685.66,2555.29,2685.66,2737.81,38,HIT_T1,2972.45,0.01489,202594.12
2024-08-02,09:05 AM,09:15 AM,11:15 AM,ADANIENSOL,LONG,1250.0,1287.5,1225.0,1287.5,1312.5,81,HIT_T1,3037.5,0.014993,205631.62
2024-08-02,09:05 AM,09:15 AM,11:15 AM,AJANTPHARM,LONG,2670.56,2750.67,2617.15,2750.67,2804.08,38,HIT_T1,3044.18,0.014804,208675.8
2024-08-02,09:05 AM,09:15 AM,03:15 PM,BANDHANBNK,LONG,206.61,209.0,202.48,212.81,216.94,505,EXPIRED_SAME_DAY,1205.33,0.005776,209881.13
2024-08-05,09:05 AM,09:15 AM,10:45 AM,ADANIENSOL,LONG,1200.0,1176.0,1176.0,1236.0,1260.0,87,HIT_SL,-2088.0,-0.009948,207793.13
2024-08-05,09:05 AM,09:15 AM,01:30 PM,AWL,LONG,367.08,385.43,359.74,378.09,385.43,283,HIT_T2,5192.37,0.024988,212985.5
2024-08-05,09:05 AM,09:15 AM,11:15 AM,AJANTPHARM,LONG,2695.76,2776.64,2641.84,2776.64,2830.56,39,HIT_T1,3154.32,0.01481,216139.82
2024-08-06,09:05 AM,09:15 AM,10:45 AM,AJANTPHARM,LONG,2752.18,2697.14,2697.14,2834.74,2889.78,39,HIT_SL,-2146.64,-0.009932,213993.18
2024-08-06,09:05 AM,09:15 AM,10:45 AM,BLUEJET,LONG,523.07,512.61,512.61,538.76,549.22,204,HIT_SL,-2134.68,-0.009975,211858.5
2024-08-06,09:05 AM,09:15 AM,10:45 AM,AWL,LONG,391.95,384.11,384.11,403.71,411.55,270,HIT_SL,-2117.48,-0.009995,209741.02
2024-08-07,09:05 AM,09:15 AM,01:30 PM,AJANTPHARM,LONG,2722.13,2858.25,2667.68,2803.8,2858.25,38,HIT_T2,5172.71,0.024662,214913.74
2024-08-07,09:05 AM,09:15 AM,11:15 AM,ASTERDM,LONG,376.28,387.56,368.76,387.56,395.08,285,HIT_T1,3214.33,0.014956,218128.07
2024-08-07,09:05 AM,09:15 AM,10:45 AM,BLS,LONG,388.7,380.92,380.92,400.37,408.15,280,HIT_SL,-2177.2,-0.009981,215950.87
2024-08-08,09:05 AM,09:15 AM,03:15 PM,ASTERDM,LONG,386.92,390.21,379.18,398.53,406.27,279,EXPIRED_SAME_DAY,917.4,0.004248,216868.27
2024-08-08,09:05 AM,09:15 AM,11:15 AM,AWL,LONG,385.09,396.64,377.39,396.64,404.34,281,HIT_T1,3246.0,0.014968,220114.27
2024-08-08,09:05 AM,09:15 AM,11:15 AM,BIKAJI,LONG,785.27,808.82,769.57,808.82,824.52,140,HIT_T1,3296.64,0.014977,223410.91
2024-08-09,09:05 AM,09:15 AM,01:30 PM,AIIL,LONG,269.75,283.23,264.36,277.84,283.23,414,HIT_T2,5580.15,0.024977,228991.06
2024-08-09,09:05 AM,09:15 AM,01:30 PM,BIKAJI,LONG,802.27,842.39,786.22,826.34,842.39,142,HIT_T2,5697.35,0.02488,234688.41
2024-08-09,09:05 AM,09:15 AM,10:45 AM,AWL,LONG,391.36,383.53,383.53,403.1,410.93,299,HIT_SL,-2339.86,-0.00997,232348.55
2024-08-12,09:05 AM,09:15 AM,11:15 AM,AIIL,LONG,279.75,288.14,274.16,288.14,293.73,415,HIT_T1,3480.79,0.014981,235829.34
2024-08-12,09:05 AM,09:15 AM,01:30 PM,BIKAJI,LONG,810.79,851.34,794.57,835.12,851.34,145,HIT_T2,5879.68,0.024932,241709.02
2024-08-12,09:05 AM,09:15 AM,10:45 AM,ASTERDM,LONG,400.6,392.59,392.59,412.62,420.63,301,HIT_SL,-2411.65,-0.009978,239297.37
2024-08-13,09:05 AM,09:15 AM,10:45 AM,AIIL,LONG,292.74,286.89,286.89,301.52,307.37,409,HIT_SL,-2393.09,-0.01,236904.28
2024-08-13,09:05 AM,09:15 AM,10:45 AM,BIKAJI,LONG,860.88,843.66,843.66,886.71,903.93,137,HIT_SL,-2359.03,-0.009958,234545.25
2024-08-13,09:05 AM,09:15 AM,10:45 AM,AIAENG,LONG,4738.58,4643.8,4643.8,4880.75,4975.53,24,HIT_SL,-2274.63,-0.009698,232270.62
2024-08-14,09:05 AM,09:15 AM,10:45 AM,AIIL,LONG,286.35,280.62,280.62,294.94,300.67,405,HIT_SL,-2319.33,-0.009985,229951.29
2024-08-14,09:05 AM,09:15 AM,11:15 AM,BIKAJI,LONG,850.26,875.76,833.26,875.76,892.76,135,HIT_T1,3442.05,0.014969,233393.34
2024-08-14,09:05 AM,09:15 AM,01:30 PM,AJANTPHARM,LONG,3083.62,3237.8,3021.95,3176.13,3237.8,37,HIT_T2,5704.56,0.024442,239097.91
2024-08-16,09:05 AM,09:15 AM,11:15 AM,AIIL,LONG,273.96,282.18,268.48,282.18,287.66,436,HIT_T1,3584.92,0.014994,242682.83
2024-08-16,09:05 AM,09:15 AM,03:15 PM,ABSLAMC,LONG,674.12,672.93,660.64,694.34,707.82,180,EXPIRED_SAME_DAY,-214.03,-0.000882,242468.79
2024-08-16,09:05 AM,09:15 AM,11:15 AM,BSE,LONG,852.72,878.3,835.67,878.3,895.35,142,HIT_T1,3631.84,0.014979,246100.64
2024-08-19,09:05 AM,09:15 AM,11:15 AM,ANANTRAJ,LONG,588.32,605.96,576.56,605.96,617.72,209,HIT_T1,3685.93,0.014977,249786.57
2024-08-19,09:05 AM,09:15 AM,03:15 PM,AIIL,LONG,279.55,277.67,273.96,287.94,293.53,446,EXPIRED_SAME_DAY,-839.69,-0.003362,248946.87
2024-08-19,09:05 AM,09:15 AM,03:15 PM,ABSLAMC,LONG,674.12,678.58,660.64,694.34,707.82,184,EXPIRED_SAME_DAY,820.8,0.003297,249767.68
2024-08-20,09:05 AM,09:15 AM,10:45 AM,ANANTRAJ,LONG,605.52,593.41,593.41,623.69,635.8,206,HIT_SL,-2495.69,-0.009992,247271.99
2024-08-20,09:05 AM,09:15 AM,01:30 PM,BALRAMCHIN,LONG,527.89,554.29,517.33,543.73,554.29,234,HIT_T2,6178.08,0.024985,253450.07
2024-08-20,09:05 AM,09:15 AM,10:45 AM,BSOFT,LONG,603.62,591.55,591.55,621.72,633.79,209,HIT_SL,-2522.45,-0.009952,250927.62
2024-08-21,09:05 AM,09:15 AM,01:30 PM,ANGELONE,LONG,256.32,269.14,251.19,264.01,269.14,489,HIT_T2,6269.62,0.024986,257197.23
2024-08-21,09:05 AM,09:15 AM,11:15 AM,ANANTRAJ,LONG,596.3,614.18,584.38,614.18,626.1,215,HIT_T1,3843.93,0.014945,261041.16
2024-08-21,09:05 AM,09:15 AM,10:45 AM,BALRAMCHIN,LONG,563.36,552.09,552.09,580.27,591.54,231,HIT_SL,-2603.39,-0.009973,258437.77
2024-08-22,09:05 AM,09:15 AM,10:45 AM,ANGELONE,LONG,260.83,255.61,255.61,268.66,273.88,495,HIT_SL,-2583.14,-0.009995,255854.62
2024-08-22,09:05 AM,09:15 AM,10:45 AM,ANANTRAJ,LONG,596.4,584.47,584.47,614.3,626.23,214,HIT_SL,-2553.22,-0.009979,253301.4
2024-08-22,09:05 AM,09:15 AM,03:15 PM,AIIL,LONG,327.6,328.85,321.05,337.43,343.98,386,EXPIRED_SAME_DAY,482.4,0.001904,253783.8
2024-08-23,09:05 AM,09:15 AM,10:45 AM,ANGELONE,LONG,253.4,248.34,248.34,260.99,266.05,501,HIT_SL,-2536.95,-0.009996,251246.86
2024-08-23,09:05 AM,09:15 AM,11:15 AM,AIIL,LONG,331.34,341.28,324.71,341.28,347.91,378,HIT_T1,3758.48,0.014959,255005.33
2024-08-23,09:05 AM,09:15 AM,10:45 AM,BALRAMCHIN,LONG,574.26,562.78,562.78,591.48,602.96,222,HIT_SL,-2549.26,-0.009997,252456.07
2024-08-26,09:05 AM,09:15 AM,11:15 AM,AIIL,LONG,347.29,357.7,340.35,357.7,364.64,363,HIT_T1,3777.81,0.014964,256233.88
2024-08-26,09:05 AM,09:15 AM,11:15 AM,ANGELONE,LONG,249.55,257.03,244.56,257.03,262.02,513,HIT_T1,3837.6,0.014977,260071.48
2024-08-26,09:05 AM,09:15 AM,03:15 PM,CESC,LONG,179.91,177.26,176.32,185.3,188.89,724,EXPIRED_SAME_DAY,-1921.2,-0.007387,258150.28
2024-08-27,09:05 AM,09:15 AM,10:45 AM,AIIL,LONG,360.68,353.47,353.47,371.5,378.71,358,HIT_SL,-2581.52,-0.01,255568.75
2024-08-27,09:05 AM,09:15 AM,10:45 AM,ANGELONE,LONG,258.15,252.99,252.99,265.89,271.05,495,HIT_SL,-2556.39,-0.010003,253012.36
2024-08-27,09:05 AM,09:15 AM,01:30 PM,ABREL,LONG,2370.09,2488.59,2322.69,2441.19,2488.59,53,HIT_T2,6280.57,0.024823,259292.94
2024-08-28,09:05 AM,09:15 AM,10:45 AM,CESC,LONG,196.21,192.29,192.29,202.09,206.01,661,HIT_SL,-2590.86,-0.009992,256702.07
2024-08-28,09:05 AM,09:15 AM,03:15 PM,ABREL,LONG,2493.71,2485.68,2443.84,2568.52,2618.39,51,EXPIRED_SAME_DAY,-409.63,-0.001596,256292.44
2024-08-28,09:05 AM,09:15 AM,10:45 AM,AIIL,LONG,349.69,342.7,342.7,360.18,367.17,366,HIT_SL,-2558.59,-0.009983,253733.85
2024-08-29,09:05 AM,09:15 AM,03:15 PM,BLS,LONG,426.28,421.93,417.75,439.07,447.6,297,EXPIRED_SAME_DAY,-1291.82,-0.005091,252442.03
2024-08-29,09:05 AM,09:15 AM,03:15 PM,ABDL,LONG,337.64,338.47,330.88,347.78,354.54,373,EXPIRED_SAME_DAY,311.0,0.001232,252753.03
2024-08-29,09:05 AM,09:15 AM,10:45 AM,CESC,LONG,192.08,188.24,188.24,197.84,201.68,658,HIT_SL,-2524.68,-0.009989,250228.35
2024-08-30,09:05 AM,09:15 AM,03:15 PM,BSOFT,LONG,658.24,647.71,645.08,677.98,691.14,190,EXPIRED_SAME_DAY,-2001.33,-0.007998,248227.03
2024-08-30,09:05 AM,09:15 AM,03:15 PM,BAJAJ-AUTO,LONG,10420.53,10474.92,10212.12,10733.15,10941.56,11,EXPIRED_SAME_DAY,598.24,0.00241,248825.27
2024-08-30,09:05 AM,09:15 AM,10:45 AM,BLS,LONG,423.36,414.89,414.89,436.07,444.54,293,HIT_SL,-2482.25,-0.009976,246343.02
2024-09-02,09:05 AM,09:15 AM,03:15 PM,BSOFT,LONG,648.15,642.93,635.19,667.59,680.55,190,EXPIRED_SAME_DAY,-991.64,-0.004025,245351.37
2024-09-02,09:05 AM,09:15 AM,03:15 PM,AUBANK,LONG,683.44,679.3,669.77,703.95,717.62,179,EXPIRED_SAME_DAY,-741.52,-0.003022,244609.85
2024-09-02,09:05 AM,09:15 AM,10:45 AM,BHARTIHEXA,LONG,1247.28,1222.33,1222.33,1284.7,1309.65,98,HIT_SL,-2445.06,-0.009996,242164.79
2024-09-03,09:05 AM,09:15 AM,10:45 AM,BAJFINANCE,LONG,736.9,722.16,722.16,759.01,773.75,164,HIT_SL,-2416.58,-0.009979,239748.22
2024-09-03,09:05 AM,09:15 AM,10:45 AM,BAJAJFINSV,LONG,1847.52,1810.57,1810.57,1902.95,1939.9,64,HIT_SL,-2364.97,-0.009864,237383.25
2024-09-03,09:05 AM,09:15 AM,10:45 AM,BRIGADE,LONG,954.24,935.15,935.15,982.87,1001.96,124,HIT_SL,-2366.63,-0.00997,235016.62
2024-09-04,09:05 AM,09:15 AM,03:15 PM,AEGISLOG,LONG,825.79,834.99,809.27,850.57,867.09,142,EXPIRED_SAME_DAY,1306.75,0.00556,236323.37
2024-09-04,09:05 AM,09:15 AM,01:30 PM,BAJAJHLDNG,LONG,10359.38,10877.35,10152.19,10670.16,10877.35,11,HIT_T2,5697.69,0.02411,242021.06
2024-09-04,09:05 AM,09:15 AM,03:15 PM,BAJAJFINSV,LONG,1837.74,1869.39,1800.98,1892.88,1929.64,65,EXPIRED_SAME_DAY,2057.53,0.008501,244078.59
2024-09-05,09:05 AM,09:15 AM,10:45 AM,CCL,LONG,800.96,784.94,784.94,824.99,841.01,152,HIT_SL,-2435.12,-0.009977,241643.47
2024-09-05,09:05 AM,09:15 AM,03:15 PM,AEGISLOG,LONG,842.52,836.37,825.67,867.79,884.64,143,EXPIRED_SAME_DAY,-879.44,-0.003639,240764.03
2024-09-05,09:05 AM,09:15 AM,03:15 PM,BAJAJHLDNG,LONG,10683.08,10623.31,10469.42,11003.57,11217.23,11,EXPIRED_SAME_DAY,-657.44,-0.002731,240106.6
2024-09-06,09:05 AM,09:15 AM,10:45 AM,AEGISLOG,LONG,831.94,815.3,815.3,856.9,873.54,144,HIT_SL,-2396.05,-0.009979,237710.55
2024-09-06,09:05 AM,09:15 AM,11:15 AM,AADHARHFC,LONG,434.7,447.74,426.01,447.74,456.43,273,HIT_T1,3559.92,0.014976,241270.47
2024-09-06,09:05 AM,09:15 AM,03:15 PM,AUBANK,LONG,700.46,701.45,686.45,721.47,735.48,172,EXPIRED_SAME_DAY,171.13,0.000709,241441.59
2024-09-09,09:05 AM,09:15 AM,10:45 AM,AADHARHFC,LONG,444.45,435.56,435.56,457.79,466.68,271,HIT_SL,-2409.19,-0.009978,239032.4
2024-09-09,09:05 AM,09:15 AM,03:15 PM,BRIGADE,LONG,978.5,978.09,958.93,1007.86,1027.43,122,EXPIRED_SAME_DAY,-50.21,-0.00021,238982.19
2024-09-09,09:05 AM,09:15 AM,10:45 AM,AAVAS,LONG,1880.0,1842.4,1842.4,1936.4,1974.0,63,HIT_SL,-2368.8,-0.009912,236613.39
2024-09-10,09:05 AM,09:15 AM,10:45 AM,BLUEJET,LONG,522.38,511.93,511.93,538.05,548.5,226,HIT_SL,-2360.95,-0.009978,234252.44
2024-09-10,09:05 AM,09:15 AM,10:45 AM,ASAHIINDIA,LONG,710.31,696.11,696.11,731.61,745.81,164,HIT_SL,-2329.15,-0.009943,231923.3
2024-09-10,09:05 AM,09:15 AM,03:15 PM,AADHARHFC,LONG,430.0,437.2,421.4,442.9,451.5,269,EXPIRED_SAME_DAY,1936.8,0.008351,233860.1
2024-09-11,09:05 AM,09:15 AM,01:30 PM,ABREL,LONG,2491.82,2616.42,2441.98,2566.58,2616.42,46,HIT_T2,5731.74,0.024509,239591.83
2024-09-11,09:05 AM,09:15 AM,03:15 PM,AJANTPHARM,LONG,3317.22,3292.22,3250.88,3416.73,3483.07,36,EXPIRED_SAME_DAY,-900.12,-0.003757,238691.71
2024-09-11,09:05 AM,09:15 AM,10:45 AM,ASAHIINDIA,LONG,712.31,698.06,698.06,733.68,747.93,167,HIT_SL,-2379.31,-0.009968,236312.4
2024-09-12,09:05 AM,09:15 AM,01:30 PM,ABREL,LONG,2609.06,2739.51,2556.88,2687.33,2739.51,45,HIT_T2,5870.37,0.024842,242182.77
2024-09-12,09:05 AM,09:15 AM,11:15 AM,APARINDS,LONG,9938.16,10236.3,9739.4,10236.3,10435.06,12,HIT_T1,3577.67,0.014773,245760.44
2024-09-12,09:05 AM,09:15 AM,03:15 PM,BLUESTARCO,LONG,1762.85,1799.14,1727.59,1815.74,1851.0,69,EXPIRED_SAME_DAY,2504.35,0.01019,248264.79
2024-09-13,09:05 AM,09:15 AM,01:30 PM,ABREL,LONG,2775.77,2914.57,2720.25,2859.05,2914.57,44,HIT_T2,6107.33,0.0246,254372.13
2024-09-13,09:05 AM,09:15 AM,11:15 AM,APARINDS,LONG,10136.98,10441.09,9934.24,10441.09,10643.83,12,HIT_T1,3649.28,0.014346,258021.41
2024-09-13,09:05 AM,09:15 AM,03:15 PM,BAJAJ-AUTO,LONG,11275.05,11288.17,11049.55,11613.3,11838.8,11,EXPIRED_SAME_DAY,144.36,0.000559,258165.76
2024-09-16,09:05 AM,09:15 AM,10:45 AM,ABREL,LONG,2883.78,2826.11,2826.11,2970.29,3027.96,44,HIT_SL,-2537.54,-0.009829,255628.23
2024-09-16,09:05 AM,09:15 AM,11:15 AM,APARINDS,LONG,10239.38,10546.56,10034.59,10546.56,10751.35,12,HIT_T1,3686.19,0.01442,259314.42
2024-09-16,09:05 AM,09:15 AM,10:45 AM,BHARTIHEXA,LONG,1357.5,1330.35,1330.35,1398.23,1425.38,95,HIT_SL,-2579.52,-0.009947,256734.9
2024-09-17,09:05 AM,09:15 AM,10:45 AM,ABREL,LONG,2857.4,2800.25,2800.25,2943.13,3000.28,44,HIT_SL,-2514.65,-0.009795,254220.25
2024-09-17,09:05 AM,09:15 AM,11:15 AM,BSE,LONG,1133.43,1167.43,1110.76,1167.43,1190.1,112,HIT_T1,3808.04,0.014979,258028.29
2024-09-17,09:05 AM,09:15 AM,10:45 AM,APARINDS,LONG,10534.63,10323.94,10323.94,10850.66,11061.35,12,HIT_SL,-2528.27,-0.009798,255500.02
2024-09-18,09:05 AM,09:15 AM,01:30 PM,BSE,LONG,1109.57,1165.04,1087.38,1142.85,1165.04,115,HIT_T2,6379.27,0.024968,261879.29
2024-09-18,09:05 AM,09:15 AM,10:45 AM,BLUEDART,LONG,8961.32,8782.09,8782.09,9230.16,9409.39,14,HIT_SL,-2509.18,-0.009581,259370.11
2024-09-18,09:05 AM,09:15 AM,10:45 AM,ABREL,LONG,2772.87,2717.42,2717.42,2856.05,2911.5,46,HIT_SL,-2550.9,-0.009835,256819.21
2024-09-19,09:05 AM,09:15 AM,10:45 AM,BSE,LONG,1291.18,1265.36,1265.36,1329.91,1355.73,99,HIT_SL,-2556.36,-0.009954,254262.84
2024-09-19,09:05 AM,09:15 AM,10:45 AM,BHARTIHEXA,LONG,1369.36,1341.97,1341.97,1410.44,1437.83,92,HIT_SL,-2519.56,-0.009909,251743.28
2024-09-19,09:05 AM,09:15 AM,10:45 AM,ANGELONE,LONG,255.26,250.16,250.16,262.91,268.01,493,HIT_SL,-2516.05,-0.009995,249227.23
2024-09-20,09:05 AM,09:15 AM,01:30 PM,BSE,LONG,1237.82,1299.7,1213.07,1274.95,1299.7,100,HIT_T2,6187.55,0.024827,255414.78
2024-09-20,09:05 AM,09:15 AM,03:15 PM,ADANIGREEN,LONG,1962.95,2003.95,1923.69,2021.84,2061.1,65,EXPIRED_SAME_DAY,2665.0,0.010434,258079.78
2024-09-20,09:05 AM,09:15 AM,03:15 PM,BANDHANBNK,LONG,209.97,208.14,205.77,216.27,220.47,614,EXPIRED_SAME_DAY,-1124.76,-0.004358,256955.02
2024-09-23,09:05 AM,09:15 AM,11:15 AM,BSE,LONG,1325.98,1365.76,1299.46,1365.76,1392.28,96,HIT_T1,3818.85,0.014862,260773.87
2024-09-23,09:05 AM,09:15 AM,01:30 PM,ASAHIINDIA,LONG,775.71,814.51,760.19,798.99,814.51,168,HIT_T2,6518.96,0.024999,267292.83
2024-09-23,09:05 AM,09:15 AM,10:45 AM,ADANIGREEN,LONG,2028.95,1988.37,1988.37,2089.82,2130.4,65,HIT_SL,-2637.7,-0.009868,264655.14
2024-09-24,09:05 AM,09:15 AM,10:45 AM,ASAHIINDIA,LONG,809.08,792.9,792.9,833.35,849.53,163,HIT_SL,-2636.91,-0.009964,262018.22
2024-09-24,09:05 AM,09:15 AM,10:45 AM,BIKAJI,LONG,974.02,954.53,954.53,1003.25,1022.74,134,HIT_SL,-2611.0,-0.009965,259407.22
2024-09-24,09:05 AM,09:15 AM,11:15 AM,BSE,LONG,1309.74,1349.03,1283.55,1349.03,1375.22,99,HIT_T1,3889.6,0.014994,263296.83
2024-09-25,09:05 AM,09:15 AM,03:15 PM,ASAHIINDIA,LONG,802.24,793.91,786.2,826.3,842.34,164,EXPIRED_SAME_DAY,-1366.72,-0.005191,261930.11
2024-09-25,09:05 AM,09:15 AM,10:45 AM,BSE,LONG,1323.33,1296.86,1296.86,1363.03,1389.5,98,HIT_SL,-2593.96,-0.009903,259336.15
2024-09-25,09:05 AM,09:15 AM,10:45 AM,AADHARHFC,LONG,508.2,498.04,498.04,523.44,533.6,255,HIT_SL,-2590.8,-0.00999,256745.34
2024-09-26,09:05 AM,09:15 AM,10:45 AM,ASAHIINDIA,LONG,794.11,778.23,778.23,817.93,833.81,161,HIT_SL,-2557.16,-0.00996,254188.19
2024-09-26,09:05 AM,09:15 AM,10:45 AM,AADHARHFC,LONG,506.45,496.32,496.32,521.65,531.78,250,HIT_SL,-2532.5,-0.009963,251655.68
2024-09-26,09:05 AM,09:15 AM,01:30 PM,BLUESTARCO,LONG,2040.74,2142.77,1999.93,2101.96,2142.77,61,HIT_T2,6223.78,0.024731,257879.47
2024-09-27,09:05 AM,09:15 AM,03:15 PM,BLUESTARCO,LONG,2108.18,2099.07,2066.02,2171.42,2213.58,61,EXPIRED_SAME_DAY,-555.97,-0.002156,257323.5
2024-09-27,09:05 AM,09:15 AM,11:15 AM,ACUTAAS,LONG,871.61,897.76,854.18,897.76,915.19,147,HIT_T1,3843.68,0.014937,261167.17
2024-09-27,09:05 AM,09:15 AM,10:45 AM,ASAHIINDIA,LONG,784.84,769.14,769.14,808.39,824.09,166,HIT_SL,-2605.37,-0.009976,258561.8
2024-09-30,09:05 AM,09:15 AM,03:15 PM,BPCL,LONG,337.93,340.51,331.17,348.07,354.83,382,EXPIRED_SAME_DAY,984.57,0.003808,259546.37
2024-09-30,09:05 AM,09:15 AM,03:15 PM,BALRAMCHIN,LONG,639.39,640.27,626.6,658.57,671.36,202,EXPIRED_SAME_DAY,178.61,0.000688,259724.97
2024-09-30,09:05 AM,09:15 AM,11:15 AM,BLUESTARCO,LONG,2099.57,2162.55,2057.58,2162.55,2204.54,61,HIT_T1,3841.89,0.014792,263566.86
2024-10-01,09:05 AM,09:15 AM,03:15 PM,APLAPOLLO,LONG,1584.47,1615.96,1552.78,1632.0,1663.69,83,EXPIRED_SAME_DAY,2613.69,0.009917,266180.55
2024-10-01,09:05 AM,09:15 AM,03:15 PM,BBTC,LONG,2837.47,2831.24,2780.72,2922.6,2979.35,46,EXPIRED_SAME_DAY,-286.63,-0.001077,265893.92
2024-10-01,09:05 AM,09:15 AM,03:15 PM,BPCL,LONG,340.56,338.95,333.74,350.79,357.61,389,EXPIRED_SAME_DAY,-624.67,-0.002349,265269.25
2024-10-03,09:05 AM,09:15 AM,03:15 PM,BALRAMCHIN,LONG,667.95,659.86,654.59,687.99,701.35,198,EXPIRED_SAME_DAY,-1602.0,-0.006039,263667.25
2024-10-03,09:05 AM,09:15 AM,10:45 AM,APLAPOLLO,LONG,1605.4,1573.29,1573.29,1653.56,1685.67,82,HIT_SL,-2632.75,-0.009985,261034.5
2024-10-03,09:05 AM,09:15 AM,03:15 PM,BPCL,LONG,325.6,321.09,319.09,335.36,341.87,400,EXPIRED_SAME_DAY,-1803.58,-0.006909,259230.92
2024-10-04,09:05 AM,09:15 AM,10:45 AM,BALRAMCHIN,LONG,659.51,646.32,646.32,679.3,692.49,196,HIT_SL,-2586.15,-0.009976,256644.77
2024-10-04,09:05 AM,09:15 AM,10:45 AM,ANGELONE,LONG,260.9,255.68,255.68,268.73,273.95,491,HIT_SL,-2561.02,-0.009979,254083.75
2024-10-04,09:05 AM,09:15 AM,10:45 AM,AMBER,LONG,5159.95,5056.75,5056.75,5314.75,5417.95,24,HIT_SL,-2476.8,-0.009748,251606.95
2024-10-07,09:05 AM,09:15 AM,10:45 AM,BSE,LONG,1388.62,1360.84,1360.84,1430.29,1458.07,90,HIT_SL,-2499.94,-0.009936,249107.0
2024-10-07,09:05 AM,09:15 AM,10:45 AM,BALRAMCHIN,LONG,653.2,640.14,640.14,672.79,685.85,190,HIT_SL,-2481.35,-0.009961,246625.66
2024-10-07,09:05 AM,09:15 AM,10:45 AM,ANGELONE,LONG,259.19,254.0,254.0,266.97,272.16,475,HIT_SL,-2463.11,-0.009987,244162.54
2024-10-08,09:05 AM,09:15 AM,03:15 PM,BLUEDART,LONG,8513.11,8557.17,8342.85,8768.5,8938.76,14,EXPIRED_SAME_DAY,616.86,0.002526,244779.4
2024-10-08,09:05 AM,09:15 AM,11:15 AM,AMBER,LONG,4940.0,5088.2,4841.2,5088.2,5187.0,24,HIT_T1,3556.8,0.014531,248336.2
2024-10-08,09:05 AM,09:15 AM,01:30 PM,BSE,LONG,1280.53,1344.55,1254.92,1318.94,1344.55,96,HIT_T2,6146.2,0.02475,254482.4
2024-10-09,09:05 AM,09:15 AM,10:45 AM,BSE,LONG,1427.39,1398.84,1398.84,1470.22,1498.77,89,HIT_SL,-2541.16,-0.009986,251941.25
2024-10-09,09:05 AM,09:15 AM,10:45 AM,AJANTPHARM,LONG,3327.42,3260.87,3260.87,3427.25,3493.8,37,HIT_SL,-2462.36,-0.009774,249478.89
2024-10-09,09:05 AM,09:15 AM,11:15 AM,APTUS,LONG,366.79,377.8,359.45,377.8,385.14,339,HIT_T1,3732.23,0.01496,253211.11
2024-10-10,09:05 AM,09:15 AM,11:15 AM,BSE,LONG,1398.23,1440.18,1370.26,1440.18,1468.15,90,HIT_T1,3775.66,0.014911,256986.78
2024-10-10,09:05 AM,09:15 AM,10:45 AM,APTUS,LONG,367.47,360.12,360.12,378.49,385.84,349,HIT_SL,-2565.06,-0.009981,254421.71
2024-10-10,09:05 AM,09:15 AM,01:30 PM,CGPOWER,LONG,800.14,840.14,784.14,824.14,840.14,159,HIT_T2,6360.28,0.024999,260781.99
2024-10-11,09:05 AM,09:15 AM,11:15 AM,CGPOWER,LONG,836.49,861.58,819.76,861.58,878.31,155,HIT_T1,3889.64,0.014915,264671.63
2024-10-11,09:05 AM,09:15 AM,03:15 PM,APARINDS,LONG,10438.2,10367.02,10229.44,10751.34,10960.1,12,EXPIRED_SAME_DAY,-854.16,-0.003227,263817.48
2024-10-11,09:05 AM,09:15 AM,10:45 AM,BDL,LONG,1215.98,1191.66,1191.66,1252.46,1276.78,108,HIT_SL,-2626.33,-0.009955,261191.14
2024-10-14,09:05 AM,09:15 AM,10:45 AM,CGPOWER,LONG,854.56,837.47,837.47,880.19,897.28,152,HIT_SL,-2597.62,-0.009945,258593.52
2024-10-14,09:05 AM,09:15 AM,10:45 AM,BANDHANBNK,LONG,208.73,204.56,204.56,214.99,219.16,620,HIT_SL,-2587.37,-0.010006,256006.16
2024-10-14,09:05 AM,09:15 AM,10:45 AM,BDL,LONG,1213.0,1188.74,1188.74,1249.39,1273.65,105,HIT_SL,-2547.3,-0.00995,253458.86
2024-10-15,09:05 AM,09:15 AM,10:45 AM,BSE,LONG,1610.66,1578.45,1578.45,1658.98,1691.19,78,HIT_SL,-2512.64,-0.009913,250946.21
2024-10-15,09:05 AM,09:15 AM,03:15 PM,ANANTRAJ,LONG,765.87,774.99,750.55,788.85,804.17,163,EXPIRED_SAME_DAY,1486.86,0.005925,252433.07
2024-10-15,09:05 AM,09:15 AM,10:45 AM,FIRSTCRY,LONG,726.0,711.48,711.48,747.78,762.3,173,HIT_SL,-2511.96,-0.009951,249921.11
2024-10-16,09:05 AM,09:15 AM,01:30 PM,ANGELONE,LONG,304.99,320.24,298.89,314.14,320.24,409,HIT_T2,6238.7,0.024963,256159.81
2024-10-16,09:05 AM,09:15 AM,10:45 AM,APARINDS,LONG,10891.67,10673.83,10673.83,11218.43,11436.27,11,HIT_SL,-2396.19,-0.009354,253763.62
2024-10-16,09:05 AM,09:15 AM,03:15 PM,360ONE,LONG,1103.85,1103.31,1081.77,1136.97,1159.05,114,EXPIRED_SAME_DAY,-61.42,-0.000242,253702.2
2024-10-17,09:05 AM,09:15 AM,10:45 AM,ANGELONE,LONG,310.28,304.08,304.08,319.58,325.78,409,HIT_SL,-2536.44,-0.009998,251165.76
2024-10-17,09:05 AM,09:15 AM,10:45 AM,360ONE,LONG,1106.65,1084.52,1084.52,1139.85,1161.98,113,HIT_SL,-2500.76,-0.009957,248665.0
2024-10-17,09:05 AM,09:15 AM,03:15 PM,ABSLAMC,LONG,734.93,726.62,720.23,756.98,771.68,169,EXPIRED_SAME_DAY,-1404.76,-0.005649,247260.23
2024-10-18,09:05 AM,09:15 AM,11:15 AM,ANGELONE,LONG,300.08,309.08,294.08,309.08,315.08,412,HIT_T1,3707.32,0.014994,250967.55
2024-10-18,09:05 AM,09:15 AM,03:15 PM,ABSLAMC,LONG,716.84,723.16,702.51,738.34,752.67,175,EXPIRED_SAME_DAY,1105.14,0.004404,252072.69
2024-10-18,09:05 AM,09:15 AM,10:45 AM,360ONE,LONG,1070.67,1049.25,1049.25,1102.8,1124.22,117,HIT_SL,-2505.78,-0.009941,249566.91
2024-10-21,09:05 AM,09:15 AM,10:45 AM,ANGELONE,LONG,302.25,296.2,296.2,311.32,317.37,412,HIT_SL,-2492.51,-0.009987,247074.4
2024-10-21,09:05 AM,09:15 AM,10:45 AM,ABREL,LONG,3041.91,2981.08,2981.08,3133.16,3193.99,40,HIT_SL,-2433.34,-0.009849,244641.06
2024-10-21,09:05 AM,09:15 AM,03:15 PM,ABSLAMC,LONG,724.16,715.37,709.67,745.89,760.38,168,EXPIRED_SAME_DAY,-1476.01,-0.006033,243165.05
2024-10-22,09:05 AM,09:15 AM,10:45 AM,AMBER,LONG,6430.0,6301.4,6301.4,6622.9,6751.5,18,HIT_SL,-2314.8,-0.009519,240850.25
2024-10-22,09:05 AM,09:15 AM,10:45 AM,ABREL,LONG,3000.07,2940.07,2940.07,3090.07,3150.07,40,HIT_SL,-2400.18,-0.009965,238450.07
2024-10-22,09:05 AM,09:15 AM,10:45 AM,ANGELONE,LONG,290.86,285.04,285.04,299.59,305.41,409,HIT_SL,-2380.27,-0.009982,236069.8
2024-10-23,09:05 AM,09:15 AM,01:30 PM,AMBER,LONG,5772.2,6060.8,5656.76,5945.36,6060.8,20,HIT_T2,5772.0,0.02445,241841.8
2024-10-23,09:05 AM,09:15 AM,11:15 AM,CRISIL,LONG,4658.59,4798.35,4565.42,4798.35,4891.52,25,HIT_T1,3493.9,0.014447,245335.69
2024-10-23,09:05 AM,09:15 AM,11:15 AM,ABSLAMC,LONG,685.84,706.41,672.13,706.41,720.12,178,HIT_T1,3660.58,0.014921,248996.27
2024-10-24,09:05 AM,09:15 AM,01:30 PM,AMBER,LONG,6276.8,6590.65,6151.26,6465.11,6590.65,19,HIT_T2,5963.15,0.023949,254959.43
2024-10-24,09:05 AM,09:15 AM,11:15 AM,CRISIL,LONG,4749.81,4892.31,4654.81,4892.31,4987.31,26,HIT_T1,3704.99,0.014532,258664.42
2024-10-24,09:05 AM,09:15 AM,03:15 PM,AEGISLOG,LONG,734.79,736.52,720.1,756.83,771.52,176,EXPIRED_SAME_DAY,303.87,0.001175,258968.28
2025-04-22,09:05 AM,09:15 AM,10:45 AM,ANANTRAJ,LONG,518.32,507.96,507.96,533.86,544.22,249,HIT_SL,-2580.49,-0.009964,256387.79
2025-04-22,09:05 AM,09:15 AM,11:15 AM,BLUEJET,LONG,734.71,756.76,720.01,756.76,771.46,174,HIT_T1,3837.14,0.014966,260224.93
2025-04-22,09:05 AM,09:15 AM,10:45 AM,CGPOWER,LONG,650.56,637.55,637.55,670.08,683.09,200,HIT_SL,-2602.82,-0.010002,257622.11
2025-04-23,09:05 AM,09:15 AM,11:15 AM,360ONE,LONG,1002.83,1032.92,982.77,1032.92,1052.98,128,HIT_T1,3851.71,0.014951,261473.83
2025-04-23,09:05 AM,09:15 AM,10:45 AM,AIIL,LONG,376.01,368.49,368.49,387.29,394.81,347,HIT_SL,-2610.29,-0.009983,258863.53
2025-04-23,09:05 AM,09:15 AM,10:45 AM,ANANTRAJ,LONG,508.55,498.38,498.38,523.81,533.98,254,HIT_SL,-2583.5,-0.00998,256280.04
2025-04-24,09:05 AM,09:15 AM,01:30 PM,AUBANK,LONG,657.05,689.9,643.91,676.76,689.9,195,HIT_T2,6405.6,0.024995,262685.63
2025-04-24,09:05 AM,09:15 AM,10:45 AM,360ONE,LONG,1040.19,1019.38,1019.38,1071.4,1092.21,126,HIT_SL,-2621.9,-0.009981,260063.74
2025-04-24,09:05 AM,09:15 AM,10:45 AM,AIIL,LONG,367.91,360.56,360.56,378.94,386.29,353,HIT_SL,-2596.07,-0.009982,257467.66
2025-04-25,09:05 AM,09:15 AM,10:45 AM,AUBANK,LONG,679.5,665.91,665.91,699.89,713.48,189,HIT_SL,-2568.75,-0.009977,254898.91
2025-04-25,09:05 AM,09:15 AM,10:45 AM,AUROPHARMA,LONG,1253.2,1228.13,1228.13,1290.8,1315.87,101,HIT_SL,-2531.65,-0.009932,252367.27
2025-04-25,09:05 AM,09:15 AM,10:45 AM,APARINDS,LONG,5471.6,5362.17,5362.17,5635.75,5745.18,23,HIT_SL,-2517.0,-0.009974,249850.26
2025-04-28,09:05 AM,09:15 AM,03:15 PM,AUBANK,LONG,671.52,686.89,658.09,691.66,705.09,186,EXPIRED_SAME_DAY,2859.02,0.011443,252709.28
2025-04-28,09:05 AM,09:15 AM,03:15 PM,APARINDS,LONG,5480.06,5570.02,5370.45,5644.47,5754.08,23,EXPIRED_SAME_DAY,2069.19,0.008188,254778.47
2025-04-28,09:05 AM,09:15 AM,10:45 AM,ATUL,LONG,6361.76,6234.53,6234.53,6552.61,6679.84,20,HIT_SL,-2544.66,-0.009988,252233.81
2025-04-29,09:05 AM,09:15 AM,03:15 PM,APARINDS,LONG,5601.83,5571.02,5489.8,5769.88,5881.91,22,EXPIRED_SAME_DAY,-677.91,-0.002688,251555.9
2025-04-29,09:05 AM,09:15 AM,11:15 AM,AUBANK,LONG,688.48,709.14,674.71,709.14,722.91,182,HIT_T1,3759.85,0.014946,255315.75
2025-04-29,09:05 AM,09:15 AM,11:15 AM,ATUL,LONG,6449.54,6643.04,6320.54,6643.04,6772.04,19,HIT_T1,3676.59,0.0144,258992.34
2025-04-30,09:05 AM,09:15 AM,10:45 AM,AUBANK,LONG,705.44,691.34,691.34,726.59,740.69,183,HIT_SL,-2581.05,-0.009966,256411.29
2025-04-30,09:05 AM,09:15 AM,10:45 AM,ATUL,LONG,6704.92,6570.82,6570.82,6906.07,7040.17,19,HIT_SL,-2547.87,-0.009937,253863.42
2025-04-30,09:05 AM,09:15 AM,10:45 AM,BDL,LONG,1534.81,1504.12,1504.12,1580.85,1611.54,82,HIT_SL,-2516.86,-0.009914,251346.56
2025-05-02,09:05 AM,09:15 AM,11:15 AM,ATUL,LONG,6644.92,6844.27,6512.02,6844.27,6977.17,18,HIT_T1,3588.38,0.014277,254934.93
2025-05-02,09:05 AM,09:15 AM,10:45 AM,BDL,LONG,1512.8,1482.54,1482.54,1558.19,1588.45,84,HIT_SL,-2541.9,-0.009971,252393.03
2025-05-02,09:05 AM,09:15 AM,03:15 PM,ANURAS,LONG,869.43,871.08,852.04,895.52,912.91,145,EXPIRED_SAME_DAY,238.87,0.000946,252631.9
2025-05-05,09:05 AM,09:15 AM,10:45 AM,ATUL,LONG,6993.03,6853.17,6853.17,7202.82,7342.68,18,HIT_SL,-2517.48,-0.009965,250114.43
2025-05-05,09:05 AM,09:15 AM,10:45 AM,ACUTAAS,LONG,1186.79,1163.06,1163.06,1222.39,1246.12,105,HIT_SL,-2491.81,-0.009963,247622.61
2025-05-05,09:05 AM,09:15 AM,11:15 AM,BDL,LONG,1494.07,1538.89,1464.19,1538.89,1568.77,82,HIT_T1,3674.84,0.01484,251297.45
2025-05-06,09:05 AM,09:15 AM,10:45 AM,ADANIPORTS,LONG,1337.83,1311.07,1311.07,1377.97,1404.73,93,HIT_SL,-2488.28,-0.009902,248809.17
2025-05-06,09:05 AM,09:15 AM,10:45 AM,ACUTAAS,LONG,1203.67,1179.6,1179.6,1239.78,1263.85,103,HIT_SL,-2479.67,-0.009966,246329.5
2025-05-06,09:05 AM,09:15 AM,10:45 AM,ATGL,LONG,666.42,653.09,653.09,686.41,699.74,184,HIT_SL,-2452.62,-0.009957,243876.88
2025-05-07,09:05 AM,09:15 AM,01:30 PM,CCL,LONG,660.85,693.9,647.63,680.68,693.9,184,HIT_T2,6080.96,0.024935,249957.84
2025-05-07,09:05 AM,09:15 AM,11:15 AM,ADANIPORTS,LONG,1287.09,1325.7,1261.35,1325.7,1351.44,97,HIT_T1,3745.41,0.014984,253703.26
2025-05-07,09:05 AM,09:15 AM,01:30 PM,BHARTIHEXA,LONG,1607.17,1687.54,1575.02,1655.39,1687.54,78,HIT_T2,6269.22,0.024711,259972.47
2025-05-08,09:05 AM,09:15 AM,10:45 AM,CCL,LONG,755.49,740.38,740.38,778.16,793.27,172,HIT_SL,-2599.33,-0.009998,257373.14
2025-05-08,09:05 AM,09:15 AM,03:15 PM,ADANIPORTS,LONG,1327.92,1321.08,1301.36,1367.76,1394.32,96,EXPIRED_SAME_DAY,-656.24,-0.00255,256716.91
2025-05-08,09:05 AM,09:15 AM,10:45 AM,BIOCON,LONG,345.13,338.22,338.22,355.49,362.4,371,HIT_SL,-2561.85,-0.009979,254155.05
2025-05-09,09:05 AM,09:15 AM,01:30 PM,CCL,LONG,697.04,731.89,683.1,717.95,731.89,182,HIT_T2,6342.34,0.024955,260497.39
2025-05-09,09:05 AM,09:15 AM,10:45 AM,CRISIL,LONG,4840.5,4743.69,4743.69,4985.71,5082.52,26,HIT_SL,-2516.94,-0.009662,257980.45
2025-05-09,09:05 AM,09:15 AM,03:15 PM,ADANIPORTS,LONG,1288.28,1294.52,1262.51,1326.93,1352.7,100,EXPIRED_SAME_DAY,624.35,0.00242,258604.8
2025-05-12,09:05 AM,09:15 AM,03:15 PM,CCL,LONG,728.87,721.83,714.29,750.74,765.32,177,EXPIRED_SAME_DAY,-1246.06,-0.004818,257358.74
2025-05-12,09:05 AM,09:15 AM,03:15 PM,APARINDS,LONG,6282.8,6263.42,6157.15,6471.28,6596.93,20,EXPIRED_SAME_DAY,-387.64,-0.001506,256971.09
2025-05-12,09:05 AM,09:15 AM,01:30 PM,ABDL,LONG,329.38,345.85,322.79,339.26,345.85,389,HIT_T2,6407.92,0.024936,263379.02
2025-05-13,09:05 AM,09:15 AM,03:15 PM,CCL,LONG,720.84,713.75,706.42,742.47,756.89,182,EXPIRED_SAME_DAY,-1290.11,-0.004898,262088.91
2025-05-13,09:05 AM,09:15 AM,01:30 PM,ABDL,LONG,346.19,363.49,339.27,356.57,363.49,378,HIT_T2,6539.32,0.024951,268628.23
2025-05-13,09:05 AM,09:15 AM,03:15 PM,APARINDS,LONG,6312.63,6472.68,6186.37,6502.02,6628.28,21,EXPIRED_SAME_DAY,3361.14,0.012512,271989.37
2025-05-14,09:05 AM,09:15 AM,11:15 AM,ABDL,LONG,377.46,388.78,369.91,388.78,396.33,360,HIT_T1,4076.48,0.014988,276065.84
2025-05-14,09:05 AM,09:15 AM,03:15 PM,BSE,LONG,2444.23,2442.56,2395.34,2517.56,2566.45,56,EXPIRED_SAME_DAY,-93.37,-0.000338,275972.47
2025-05-14,09:05 AM,09:15 AM,01:30 PM,APARINDS,LONG,6550.72,6878.27,6419.7,6747.25,6878.27,21,HIT_T2,6878.64,0.024925,282851.11
2025-05-15,09:05 AM,09:15 AM,10:45 AM,BDL,LONG,1762.91,1727.65,1727.65,1815.8,1851.06,80,HIT_SL,-2820.71,-0.009972,280030.4
2025-05-15,09:05 AM,09:15 AM,11:15 AM,ABDL,LONG,390.34,402.05,382.53,402.05,409.86,358,HIT_T1,4193.41,0.014975,284223.81
2025-05-15,09:05 AM,09:15 AM,01:30 PM,APARINDS,LONG,7106.43,7461.75,6964.3,7319.62,7461.75,19,HIT_T2,6751.15,0.023753,290974.96
2025-05-16,09:05 AM,09:15 AM,01:30 PM,APARINDS,LONG,7903.21,8298.38,7745.14,8140.31,8298.38,18,HIT_T2,7113.09,0.024446,298088.05
2025-05-16,09:05 AM,09:15 AM,10:45 AM,ABDL,LONG,410.49,402.28,402.28,422.81,431.02,363,HIT_SL,-2981.13,-0.010001,295106.92
2025-05-16,09:05 AM,09:15 AM,01:30 PM,BDL,LONG,1810.82,1901.37,1774.6,1865.15,1901.37,81,HIT_T2,7334.65,0.024854,302441.56
2025-05-19,09:05 AM,09:15 AM,10:45 AM,APARINDS,LONG,8151.74,7988.7,7988.7,8396.3,8559.34,18,HIT_SL,-2934.67,-0.009703,299506.9
2025-05-19,09:05 AM,09:15 AM,03:15 PM,AIIL,LONG,433.22,434.26,424.56,446.21,454.87,345,EXPIRED_SAME_DAY,358.8,0.001198,299865.7
2025-05-19,09:05 AM,09:15 AM,03:15 PM,ANGELONE,LONG,272.32,272.54,266.87,280.49,285.94,550,EXPIRED_SAME_DAY,121.91,0.000407,299987.6
2025-05-20,09:05 AM,09:15 AM,10:45 AM,APARINDS,LONG,7843.56,7686.69,7686.69,8078.87,8235.74,19,HIT_SL,-2980.56,-0.009936,297007.04
2025-05-20,09:05 AM,09:15 AM,11:15 AM,AIIL,LONG,439.76,452.96,430.96,452.96,461.76,337,HIT_T1,4448.4,0.014977,301455.44
2025-05-20,09:05 AM,09:15 AM,10:45 AM,BDL,LONG,1816.8,1780.46,1780.46,1871.31,1907.65,82,HIT_SL,-2979.49,-0.009884,298475.95
2025-05-21,09:05 AM,09:15 AM,10:45 AM,CCL,LONG,842.8,825.94,825.94,868.09,884.95,177,HIT_SL,-2983.54,-0.009996,295492.41
2025-05-21,09:05 AM,09:15 AM,10:45 AM,AIIL,LONG,445.98,437.06,437.06,459.36,468.28,331,HIT_SL,-2952.52,-0.009992,292539.89
2025-05-21,09:05 AM,09:15 AM,10:45 AM,AEGISLOG,LONG,915.31,897.0,897.0,942.77,961.08,159,HIT_SL,-2910.56,-0.009949,289629.33
2025-05-22,09:05 AM,09:15 AM,10:45 AM,ANGELONE,LONG,278.74,273.16,273.16,287.11,292.69,519,HIT_SL,-2894.61,-0.009994,286734.73
2025-05-22,09:05 AM,09:15 AM,03:15 PM,ANANTRAJ,LONG,513.04,518.37,502.78,528.43,538.69,279,EXPIRED_SAME_DAY,1487.5,0.005188,288222.23
2025-05-22,09:05 AM,09:15 AM,03:15 PM,BEL,LONG,380.49,380.89,372.88,391.91,399.52,378,EXPIRED_SAME_DAY,149.8,0.00052,288372.03
2025-05-23,09:05 AM,09:15 AM,01:30 PM,ANGELONE,LONG,282.92,297.07,277.26,291.41,297.07,509,HIT_T2,7202.69,0.024977,295574.72
2025-05-23,09:05 AM,09:15 AM,03:15 PM,CCL,LONG,799.17,795.25,783.19,823.14,839.12,184,EXPIRED_SAME_DAY,-721.1,-0.00244,294853.62
2025-05-23,09:05 AM,09:15 AM,03:15 PM,ANANTRAJ,LONG,518.52,511.04,508.15,534.08,544.45,284,EXPIRED_SAME_DAY,-2125.12,-0.007207,292728.5
2025-05-26,09:05 AM,09:15 AM,10:45 AM,ANGELONE,LONG,299.37,293.38,293.38,308.35,314.34,488,HIT_SL,-2920.87,-0.009978,289807.63
2025-05-26,09:05 AM,09:15 AM,11:15 AM,ASTRAL,LONG,1465.04,1508.99,1435.74,1508.99,1538.29,98,HIT_T1,4307.16,0.014862,294114.78
2025-05-26,09:05 AM,09:15 AM,10:45 AM,ACMESOLAR,LONG,249.79,244.79,244.79,257.29,262.29,588,HIT_SL,-2939.9,-0.009996,291174.89
2025-05-27,09:05 AM,09:15 AM,11:15 AM,BEML,LONG,2140.79,2205.02,2097.97,2205.02,2247.84,67,HIT_T1,4303.64,0.01478,295478.52
2025-05-27,09:05 AM,09:15 AM,03:15 PM,BHEL,LONG,260.6,258.79,255.39,268.41,273.62,567,EXPIRED_SAME_DAY,-1026.27,-0.003473,294452.26
2025-05-27,09:05 AM,09:15 AM,10:45 AM,FIRSTCRY,LONG,370.95,363.53,363.53,382.08,389.5,396,HIT_SL,-2938.32,-0.009979,291513.93
2025-05-28,09:05 AM,09:15 AM,10:45 AM,BEML,LONG,2157.93,2114.78,2114.78,2222.66,2265.81,67,HIT_SL,-2891.34,-0.009918,288622.59
2025-05-28,09:05 AM,09:15 AM,03:15 PM,ASTRAL,LONG,1525.87,1520.79,1495.36,1571.64,1602.15,94,EXPIRED_SAME_DAY,-477.98,-0.001656,288144.61
2025-05-28,09:05 AM,09:15 AM,03:15 PM,BAYERCROP,LONG,5480.97,5492.02,5371.35,5645.4,5755.02,26,EXPIRED_SAME_DAY,287.4,0.000997,288432.01
2025-05-29,09:05 AM,09:15 AM,11:15 AM,BEML,LONG,2122.54,2186.22,2080.09,2186.22,2228.67,67,HIT_T1,4266.44,0.014792,292698.45
2025-05-29,09:05 AM,09:15 AM,03:15 PM,BLUEJET,LONG,878.35,886.09,860.79,904.69,922.25,166,EXPIRED_SAME_DAY,1284.05,0.004387,293982.5
2025-05-29,09:05 AM,09:15 AM,03:15 PM,BAYERCROP,LONG,5496.34,5470.4,5386.41,5661.24,5771.17,26,EXPIRED_SAME_DAY,-674.46,-0.002294,293308.04
2025-05-30,09:05 AM,09:15 AM,03:15 PM,BEML,LONG,2113.52,2108.63,2071.25,2176.92,2219.19,69,EXPIRED_SAME_DAY,-337.35,-0.00115,292970.69
2025-05-30,09:05 AM,09:15 AM,10:45 AM,BAYERCROP,LONG,5507.39,5397.24,5397.24,5672.62,5782.77,26,HIT_SL,-2863.94,-0.009776,290106.76
2025-05-30,09:05 AM,09:15 AM,03:15 PM,BLUEJET,LONG,886.89,903.21,869.15,913.5,931.24,163,EXPIRED_SAME_DAY,2660.2,0.00917,292766.96
2025-06-02,09:05 AM,09:15 AM,03:15 PM,BAYERCROP,LONG,5343.56,5397.37,5236.69,5503.86,5610.73,27,EXPIRED_SAME_DAY,1452.93,0.004963,294219.89
2025-06-02,09:05 AM,09:15 AM,03:15 PM,BEML,LONG,2110.58,2108.83,2068.37,2173.89,2216.1,69,EXPIRED_SAME_DAY,-120.62,-0.00041,294099.26
2025-06-02,09:05 AM,09:15 AM,03:15 PM,BLUEJET,LONG,898.42,916.79,880.45,925.37,943.34,163,EXPIRED_SAME_DAY,2994.41,0.010182,297093.67
2025-06-03,09:05 AM,09:15 AM,10:45 AM,BLUEJET,LONG,916.09,897.77,897.77,943.57,961.89,162,HIT_SL,-2967.57,-0.009989,294126.1
2025-06-03,09:05 AM,09:15 AM,10:45 AM,MAHABANK,LONG,56.03,54.91,54.91,57.71,58.83,2626,HIT_SL,-2943.08,-0.010006,291183.02
2025-06-03,09:05 AM,09:15 AM,03:15 PM,ANANTRAJ,LONG,583.34,579.5,571.67,600.84,612.51,249,EXPIRED_SAME_DAY,-955.71,-0.003282,290227.31
2025-06-04,09:05 AM,09:15 AM,10:45 AM,BSE,LONG,2772.6,2717.14,2717.14,2855.79,2911.25,52,HIT_SL,-2883.69,-0.009936,287343.62
2025-06-04,09:05 AM,09:15 AM,10:45 AM,BRIGADE,LONG,913.23,894.97,894.97,940.62,958.88,157,HIT_SL,-2867.35,-0.009979,284476.27
2025-06-04,09:05 AM,09:15 AM,10:45 AM,ANANTRAJ,LONG,580.35,568.74,568.74,597.76,609.37,245,HIT_SL,-2843.64,-0.009996,281632.63
2025-06-05,09:05 AM,09:15 AM,11:15 AM,BSE,LONG,2813.69,2898.11,2757.41,2898.11,2954.39,50,HIT_T1,4221.13,0.014988,285853.76
2025-06-05,09:05 AM,09:15 AM,01:30 PM,BRIGADE,LONG,908.01,953.41,889.85,935.25,953.41,157,HIT_T2,7127.03,0.024932,292980.79
2025-06-05,09:05 AM,09:15 AM,03:15 PM,ANANTRAJ,LONG,570.38,568.93,558.97,587.49,598.9,256,EXPIRED_SAME_DAY,-369.94,-0.001263,292610.85
2025-06-06,09:05 AM,09:15 AM,03:15 PM,BSE,LONG,2932.08,2925.49,2873.43,3020.05,3078.7,49,EXPIRED_SAME_DAY,-322.69,-0.001103,292288.16
2025-06-06,09:05 AM,09:15 AM,01:30 PM,BRIGADE,LONG,939.33,986.3,920.54,967.51,986.3,155,HIT_T2,7281.01,0.02491,299569.17
2025-06-06,09:05 AM,09:15 AM,01:30 PM,FIRSTCRY,LONG,404.7,424.93,396.61,416.84,424.93,370,HIT_T2,7485.1,0.024986,307054.26
2025-06-09,09:05 AM,09:15 AM,10:45 AM,FIRSTCRY,LONG,416.0,407.68,407.68,428.48,436.8,369,HIT_SL,-3070.08,-0.009998,303984.18
2025-06-09,09:05 AM,09:15 AM,10:45 AM,BRIGADE,LONG,955.65,936.54,936.54,984.32,1003.43,159,HIT_SL,-3038.83,-0.009997,300945.35
2025-06-09,09:05 AM,09:15 AM,03:15 PM,BSE,LONG,2962.2,2986.53,2902.95,3051.07,3110.32,50,EXPIRED_SAME_DAY,1216.7,0.004043,302162.06
2025-06-10,09:05 AM,09:15 AM,10:45 AM,FIRSTCRY,LONG,409.95,401.75,401.75,422.25,430.45,368,HIT_SL,-3017.6,-0.009987,299144.45
2025-06-10,09:05 AM,09:15 AM,10:45 AM,ABREL,LONG,2477.45,2427.91,2427.91,2551.76,2601.3,60,HIT_SL,-2972.7,-0.009937,296171.76
2025-06-10,09:05 AM,09:15 AM,03:15 PM,BELRISE,LONG,104.0,104.13,101.92,107.12,109.2,1423,EXPIRED_SAME_DAY,180.35,0.000609,296352.1
2025-06-11,09:05 AM,09:15 AM,11:15 AM,ABREL,LONG,2408.84,2481.11,2360.66,2481.11,2529.29,61,HIT_T1,4408.7,0.014877,300760.81
2025-06-11,09:05 AM,09:15 AM,03:15 PM,BELRISE,LONG,103.89,105.28,101.82,107.0,109.07,1452,EXPIRED_SAME_DAY,2012.94,0.006693,302773.74
2025-06-11,09:05 AM,09:15 AM,10:45 AM,ABDL,LONG,428.68,420.11,420.11,441.54,450.11,353,HIT_SL,-3025.9,-0.009994,299747.84
2025-06-12,09:05 AM,09:15 AM,03:15 PM,ABREL,LONG,2449.53,2447.43,2400.54,2523.01,2572.0,61,EXPIRED_SAME_DAY,-128.02,-0.000427,299619.82
2025-06-12,09:05 AM,09:15 AM,10:45 AM,CRISIL,LONG,5708.96,5594.78,5594.78,5880.23,5994.41,26,HIT_SL,-2968.73,-0.009908,296651.09
2025-06-12,09:05 AM,09:15 AM,03:15 PM,ABCAPITAL,LONG,246.25,242.97,241.32,253.64,258.58,601,EXPIRED_SAME_DAY,-1971.28,-0.006645,294679.81
2025-06-13,09:05 AM,09:15 AM,11:15 AM,ABREL,LONG,2393.68,2465.5,2345.8,2465.5,2513.38,61,HIT_T1,4381.24,0.014868,299061.06
2025-06-13,09:05 AM,09:15 AM,03:15 PM,AUBANK,LONG,768.26,766.91,752.89,791.31,806.68,194,EXPIRED_SAME_DAY,-261.04,-0.000873,298800.02
2025-06-13,09:05 AM,09:15 AM,03:15 PM,ABCAPITAL,LONG,236.0,240.37,231.28,243.08,247.8,633,EXPIRED_SAME_DAY,2766.21,0.009258,301566.23
2025-06-16,09:05 AM,09:15 AM,10:45 AM,BIOCON,LONG,357.39,350.25,350.25,368.1,375.24,422,HIT_SL,-3014.84,-0.009997,298551.39
2025-06-16,09:05 AM,09:15 AM,03:15 PM,ANURAS,LONG,1110.78,1112.97,1088.56,1144.11,1166.33,134,EXPIRED_SAME_DAY,294.11,0.000985,298845.5
2025-06-16,09:05 AM,09:15 AM,11:15 AM,360ONE,LONG,1127.69,1161.53,1105.13,1161.53,1184.09,132,HIT_T1,4467.53,0.014949,303313.03
2025-06-17,09:05 AM,09:15 AM,10:45 AM,360ONE,LONG,1159.34,1136.15,1136.15,1194.12,1217.31,130,HIT_SL,-3014.63,-0.009939,300298.4
2025-06-17,09:05 AM,09:15 AM,10:45 AM,BLUEJET,LONG,936.9,918.16,918.16,965.01,983.75,160,HIT_SL,-2998.68,-0.009986,297299.72
2025-06-17,09:05 AM,09:15 AM,03:15 PM,BLUESTARCO,LONG,1659.06,1653.81,1625.87,1708.84,1742.03,89,EXPIRED_SAME_DAY,-466.81,-0.00157,296832.92
2025-06-18,09:05 AM,09:15 AM,10:45 AM,360ONE,LONG,1135.2,1112.5,1112.5,1169.25,1191.95,130,HIT_SL,-2951.38,-0.009943,293881.54
2025-06-18,09:05 AM,09:15 AM,03:15 PM,ABCAPITAL,LONG,256.0,256.23,250.88,263.68,268.8,573,EXPIRED_SAME_DAY,131.79,0.000448,294013.33
2025-06-18,09:05 AM,09:15 AM,03:15 PM,ANANDRATHI,LONG,1039.39,1035.36,1018.61,1070.56,1091.34,141,EXPIRED_SAME_DAY,-568.71,-0.001934,293444.62
2025-06-19,09:05 AM,09:15 AM,03:15 PM,ABCAPITAL,LONG,255.0,255.68,249.9,262.65,267.75,575,EXPIRED_SAME_DAY,391.0,0.001332,293835.62
2025-06-19,09:05 AM,09:15 AM,03:15 PM,BAYERCROP,LONG,5455.98,5375.75,5346.86,5619.66,5728.78,26,EXPIRED_SAME_DAY,-2086.06,-0.007099,291749.56
2025-06-19,09:05 AM,09:15 AM,10:45 AM,BEML,LONG,2224.73,2180.24,2180.24,2291.47,2335.96,65,HIT_SL,-2891.92,-0.009912,288857.63
2025-06-20,09:05 AM,09:15 AM,03:15 PM,ABCAPITAL,LONG,255.5,260.28,250.39,263.17,268.27,565,EXPIRED_SAME_DAY,2700.7,0.00935,291558.33
2025-06-20,09:05 AM,09:15 AM,03:15 PM,BAYERCROP,LONG,5371.9,5333.47,5264.47,5533.05,5640.48,27,EXPIRED_SAME_DAY,-1037.74,-0.003559,290520.6
2025-06-20,09:05 AM,09:15 AM,03:15 PM,DMART,LONG,4203.1,4300.3,4119.04,4329.19,4413.25,34,EXPIRED_SAME_DAY,3304.8,0.011375,293825.39
2025-06-23,09:05 AM,09:15 AM,11:15 AM,ABCAPITAL,LONG,258.8,266.57,253.62,266.57,271.75,567,HIT_T1,4405.6,0.014994,298230.99
2025-06-23,09:05 AM,09:15 AM,11:15 AM,BEML,LONG,2318.2,2387.75,2271.83,2387.75,2434.12,64,HIT_T1,4451.4,0.014926,302682.39
2025-06-23,09:05 AM,09:15 AM,11:15 AM,CRISIL,LONG,5506.84,5672.04,5396.71,5672.04,5782.17,27,HIT_T1,4460.27,0.014736,307142.66
2025-06-24,09:05 AM,09:15 AM,10:45 AM,BEML,LONG,2393.22,2345.35,2345.35,2465.02,2512.89,64,HIT_SL,-3063.58,-0.009974,304079.08
2025-06-24,09:05 AM,09:15 AM,03:15 PM,CRISIL,LONG,5753.71,5723.72,5638.64,5926.32,6041.39,26,EXPIRED_SAME_DAY,-779.83,-0.002565,303299.26
2025-06-24,09:05 AM,09:15 AM,03:15 PM,ABCAPITAL,LONG,269.0,271.19,263.62,277.07,282.45,563,EXPIRED_SAME_DAY,1232.97,0.004065,304532.23
2025-06-25,09:05 AM,09:15 AM,03:15 PM,AIIL,LONG,537.4,543.94,526.65,553.53,564.28,283,EXPIRED_SAME_DAY,1850.81,0.006078,306383.04
2025-06-25,09:05 AM,09:15 AM,03:15 PM,BHARTIHEXA,LONG,1825.15,1838.73,1788.65,1879.9,1916.4,83,EXPIRED_SAME_DAY,1126.91,0.003678,307509.95
2025-06-25,09:05 AM,09:15 AM,10:45 AM,ABCAPITAL,LONG,272.75,267.3,267.3,280.92,286.38,564,HIT_SL,-3073.8,-0.009996,304436.15
2025-06-26,09:05 AM,09:15 AM,03:15 PM,ANANTRAJ,LONG,569.38,562.65,557.99,586.46,597.85,267,EXPIRED_SAME_DAY,-1796.37,-0.005901,302639.77
2025-06-26,09:05 AM,09:15 AM,10:45 AM,AIIL,LONG,545.0,534.1,534.1,561.35,572.25,277,HIT_SL,-3019.3,-0.009977,299620.47
2025-06-26,09:05 AM,09:15 AM,10:45 AM,BHARTIHEXA,LONG,1838.43,1801.66,1801.66,1893.59,1930.36,81,HIT_SL,-2978.58,-0.009941,296641.89
2025-06-27,09:05 AM,09:15 AM,11:15 AM,FIRSTCRY,LONG,393.95,405.77,386.07,405.77,413.65,376,HIT_T1,4444.32,0.014982,301086.21
2025-06-27,09:05 AM,09:15 AM,10:45 AM,APARINDS,LONG,8748.21,8573.24,8573.24,9010.66,9185.63,17,HIT_SL,-2974.41,-0.009879,298111.8
2025-06-27,09:05 AM,09:15 AM,10:45 AM,ANANTRAJ,LONG,565.39,554.08,554.08,582.35,593.66,263,HIT_SL,-2974.36,-0.009977,295137.44
2025-06-30,09:05 AM,09:15 AM,03:15 PM,FIRSTCRY,LONG,387.0,386.0,379.26,398.61,406.35,381,EXPIRED_SAME_DAY,-381.0,-0.001291,294756.44
2025-06-30,09:05 AM,09:15 AM,10:45 AM,ATGL,LONG,683.76,670.09,670.09,704.27,717.94,215,HIT_SL,-2939.31,-0.009972,291817.13
2025-06-30,09:05 AM,09:15 AM,10:45 AM,ABBOTINDIA,LONG,33676.94,33003.4,33003.4,34687.25,35360.79,4,HIT_SL,-2694.16,-0.009232,289122.96
2025-07-01,09:05 AM,09:15 AM,10:45 AM,ABBOTINDIA,LONG,34380.45,33692.84,33692.84,35411.87,36099.48,4,HIT_SL,-2750.45,-0.009513,286372.52
2025-07-01,09:05 AM,09:15 AM,03:15 PM,BAYERCROP,LONG,6024.84,6112.28,5904.34,6205.59,6326.09,23,EXPIRED_SAME_DAY,2011.22,0.007023,288383.74
2025-07-01,09:05 AM,09:15 AM,10:45 AM,AAVAS,LONG,2093.1,2051.24,2051.24,2155.89,2197.75,68,HIT_SL,-2846.49,-0.00987,285537.25
2025-07-02,09:05 AM,09:15 AM,11:15 AM,ASAHIINDIA,LONG,803.79,827.91,787.71,827.91,843.99,177,HIT_T1,4269.24,0.014952,289806.49
2025-07-02,09:05 AM,09:15 AM,03:15 PM,FIRSTCRY,LONG,379.0,376.0,371.42,390.37,397.95,382,EXPIRED_SAME_DAY,-1146.0,-0.003954,288660.49
2025-07-02,09:05 AM,09:15 AM,03:15 PM,BAYERCROP,LONG,6119.96,6136.78,5997.56,6303.56,6425.96,23,EXPIRED_SAME_DAY,386.77,0.00134,289047.26
2025-07-03,09:05 AM,09:15 AM,03:15 PM,ASAHIINDIA,LONG,827.03,833.12,810.49,851.84,868.38,174,EXPIRED_SAME_DAY,1058.84,0.003663,290106.1
2025-07-03,09:05 AM,09:15 AM,03:15 PM,ABBOTINDIA,LONG,34178.07,34134.7,33494.51,35203.41,35886.97,4,EXPIRED_SAME_DAY,-173.48,-0.000598,289932.62
2025-07-03,09:05 AM,09:15 AM,03:15 PM,BAYERCROP,LONG,6148.79,6155.04,6025.82,6333.25,6456.22,23,EXPIRED_SAME_DAY,143.72,0.000496,290076.34
2025-07-04,09:05 AM,09:15 AM,03:15 PM,ASAHIINDIA,LONG,830.13,845.84,813.52,855.04,871.65,174,EXPIRED_SAME_DAY,2734.0,0.009425,292810.34
2025-07-04,09:05 AM,09:15 AM,03:15 PM,BLUESTARCO,LONG,1817.32,1823.46,1780.97,1871.84,1908.19,80,EXPIRED_SAME_DAY,491.6,0.001679,293301.94
2025-07-04,09:05 AM,09:15 AM,10:45 AM,ASTERDM,LONG,640.03,627.22,627.22,659.24,672.05,228,HIT_SL,-2919.59,-0.009954,290382.35
2025-07-07,09:05 AM,09:15 AM,10:45 AM,ASAHIINDIA,LONG,842.0,825.16,825.16,867.26,884.1,172,HIT_SL,-2896.34,-0.009974,287486.01
2025-07-07,09:05 AM,09:15 AM,03:15 PM,BLUESTARCO,LONG,1818.31,1809.09,1781.94,1872.86,1909.23,79,EXPIRED_SAME_DAY,-728.01,-0.002532,286758.01
2025-07-07,09:05 AM,09:15 AM,03:15 PM,BOSCHLTD,LONG,35050.49,35329.84,34349.48,36102.01,36803.02,4,EXPIRED_SAME_DAY,1117.4,0.003897,287875.4
2025-07-08,09:05 AM,09:15 AM,03:15 PM,BLUESTARCO,LONG,1799.69,1792.65,1763.69,1853.69,1889.69,79,EXPIRED_SAME_DAY,-555.88,-0.001931,287319.52
2025-07-08,09:05 AM,09:15 AM,03:15 PM,BOSCHLTD,LONG,35275.92,34785.84,34570.4,36334.2,37039.72,4,EXPIRED_SAME_DAY,-1960.33,-0.006823,285359.19
2025-07-08,09:05 AM,09:15 AM,03:15 PM,AMBER,LONG,7414.0,7510.5,7265.72,7636.42,7784.7,19,EXPIRED_SAME_DAY,1833.5,0.006425,287192.69
2025-07-09,09:05 AM,09:15 AM,03:15 PM,BOSCHLTD,LONG,34795.65,35089.7,34099.73,35839.53,36535.45,4,EXPIRED_SAME_DAY,1176.21,0.004096,288368.9
2025-07-09,09:05 AM,09:15 AM,11:15 AM,BELRISE,LONG,112.57,115.95,110.32,115.95,118.2,1281,HIT_T1,4329.03,0.015012,292697.93
2025-07-09,09:05 AM,09:15 AM,03:15 PM,AIIL,LONG,530.0,538.9,519.4,545.9,556.5,276,EXPIRED_SAME_DAY,2456.4,0.008392,295154.33
2025-07-10,09:05 AM,09:15 AM,03:15 PM,BELRISE,LONG,115.56,115.14,113.25,119.02,121.33,1277,EXPIRED_SAME_DAY,-535.29,-0.001814,294619.04
2025-07-10,09:05 AM,09:15 AM,03:15 PM,BOSCHLTD,LONG,35016.18,35476.86,34315.86,36066.66,36766.98,4,EXPIRED_SAME_DAY,1842.7,0.006255,296461.74
2025-07-10,09:05 AM,09:15 AM,03:15 PM,BLUEJET,LONG,917.44,915.54,899.09,944.96,963.31,161,EXPIRED_SAME_DAY,-305.25,-0.00103,296156.5
2025-07-11,09:05 AM,09:15 AM,11:15 AM,ACMESOLAR,LONG,293.64,302.45,287.77,302.45,308.32,504,HIT_T1,4439.65,0.014991,300596.15
2025-07-11,09:05 AM,09:15 AM,11:15 AM,BELRISE,LONG,115.36,118.82,113.05,118.82,121.13,1301,HIT_T1,4501.53,0.014975,305097.68
2025-07-11,09:05 AM,09:15 AM,10:45 AM,AEGISVOPAK,LONG,265.31,260.0,260.0,273.27,278.58,574,HIT_SL,-3046.37,-0.009985,302051.31
2025-07-14,09:05 AM,09:15 AM,10:45 AM,ACMESOLAR,LONG,295.52,289.61,289.61,304.38,310.29,511,HIT_SL,-3019.76,-0.009998,299031.54
2025-07-14,09:05 AM,09:15 AM,10:45 AM,BELRISE,LONG,119.05,116.66,116.66,122.63,125.02,1251,HIT_SL,-2984.74,-0.009981,296046.8
2025-07-14,09:05 AM,09:15 AM,11:15 AM,AEGISVOPAK,LONG,259.2,266.97,254.02,266.97,272.15,571,HIT_T1,4435.69,0.014983,300482.49
2025-07-15,09:05 AM,09:15 AM,10:45 AM,ANANDRATHI,LONG,1245.14,1220.24,1220.24,1282.49,1307.39,120,HIT_SL,-2988.04,-0.009944,297494.45
2025-07-15,09:05 AM,09:15 AM,10:45 AM,ACMESOLAR,LONG,291.21,285.39,285.39,299.94,305.76,511,HIT_SL,-2975.72,-0.010003,294518.73
2025-07-15,09:05 AM,09:15 AM,03:15 PM,BELRISE,LONG,117.14,118.55,114.8,120.65,122.99,1258,EXPIRED_SAME_DAY,1769.83,0.006009,296288.56
2025-07-16,09:05 AM,09:15 AM,03:15 PM,ANANDRATHI,LONG,1230.2,1247.38,1205.59,1267.11,1291.72,120,EXPIRED_SAME_DAY,2061.76,0.006959,298350.32
2025-07-16,09:05 AM,09:15 AM,03:15 PM,ABDL,LONG,487.23,487.93,477.49,501.84,511.58,306,EXPIRED_SAME_DAY,213.82,0.000717,298564.15
2025-07-16,09:05 AM,09:15 AM,03:15 PM,ANANTRAJ,LONG,609.0,605.11,596.82,627.27,639.45,245,EXPIRED_SAME_DAY,-952.89,-0.003192,297611.26
2025-07-17,09:05 AM,09:15 AM,11:15 AM,ANANDRATHI,LONG,1249.03,1286.51,1224.04,1286.51,1311.5,119,HIT_T1,4460.68,0.014988,302071.94
2025-07-17,09:05 AM,09:15 AM,10:45 AM,AADHARHFC,LONG,505.2,495.1,495.1,520.35,530.45,299,HIT_SL,-3019.9,-0.009997,299052.03
2025-07-17,09:05 AM,09:15 AM,03:15 PM,ABDL,LONG,491.74,492.68,481.91,506.49,516.32,304,EXPIRED_SAME_DAY,285.11,0.000953,299337.15
2025-07-18,09:05 AM,09:15 AM,11:15 AM,ANANDRATHI,LONG,1289.97,1328.67,1264.17,1328.67,1354.47,116,HIT_T1,4489.73,0.014999,303826.88
2025-07-18,09:05 AM,09:15 AM,11:15 AM,AEGISVOPAK,LONG,291.79,300.55,285.95,300.55,306.39,520,HIT_T1,4556.22,0.014996,308383.1
2025-07-18,09:05 AM,09:15 AM,10:45 AM,ABDL,LONG,493.08,483.22,483.22,507.87,517.73,312,HIT_SL,-3076.5,-0.009976,305306.6
2025-07-21,09:05 AM,09:15 AM,10:45 AM,ANANDRATHI,LONG,1307.9,1281.74,1281.74,1347.14,1373.3,116,HIT_SL,-3034.04,-0.009938,302272.56
2025-07-21,09:05 AM,09:15 AM,10:45 AM,AEGISVOPAK,LONG,290.78,284.96,284.96,299.51,305.33,519,HIT_SL,-3019.94,-0.009991,299252.62
2025-07-21,09:05 AM,09:15 AM,10:45 AM,AADHARHFC,LONG,520.0,509.6,509.6,535.6,546.0,287,HIT_SL,-2984.8,-0.009974,296267.82
2025-07-22,09:05 AM,09:15 AM,10:45 AM,AEGISVOPAK,LONG,293.77,287.89,287.89,302.59,308.47,503,HIT_SL,-2955.94,-0.009977,293311.88
2025-07-22,09:05 AM,09:15 AM,03:15 PM,AADHARHFC,LONG,521.0,519.6,510.58,536.63,547.05,281,EXPIRED_SAME_DAY,-393.4,-0.001341,292918.48
2025-07-22,09:05 AM,09:15 AM,03:15 PM,AIIL,LONG,577.98,577.6,566.42,595.32,606.88,253,EXPIRED_SAME_DAY,-96.14,-0.000328,292822.35
2025-07-23,09:05 AM,09:15 AM,03:15 PM,AADHARHFC,LONG,520.0,516.75,509.6,535.6,546.0,281,EXPIRED_SAME_DAY,-913.25,-0.003119,291909.1
2025-07-23,09:05 AM,09:15 AM,03:15 PM,ANANDRATHI,LONG,1319.85,1338.03,1293.45,1359.45,1385.85,110,EXPIRED_SAME_DAY,1999.92,0.006851,293909.02
2025-07-23,09:05 AM,09:15 AM,10:45 AM,AEGISVOPAK,LONG,284.24,278.56,278.56,292.76,298.44,517,HIT_SL,-2938.39,-0.009998,290970.64
2025-07-24,09:05 AM,09:15 AM,10:45 AM,AIIL,LONG,576.04,564.52,564.52,593.32,604.84,252,HIT_SL,-2903.03,-0.009977,288067.6
2025-07-24,09:05 AM,09:15 AM,10:45 AM,ANANDRATHI,LONG,1339.22,1312.44,1312.44,1379.39,1406.17,107,HIT_SL,-2865.8,-0.009948,285201.8
2025-07-24,09:05 AM,09:15 AM,03:15 PM,AWL,LONG,279.04,275.16,273.46,287.41,292.99,511,EXPIRED_SAME_DAY,-1983.87,-0.006956,283217.93
2025-07-25,09:05 AM,09:15 AM,03:15 PM,BELRISE,LONG,131.4,130.37,128.77,135.34,137.97,1076,EXPIRED_SAME_DAY,-1106.94,-0.003908,282111.0
2025-07-25,09:05 AM,09:15 AM,03:15 PM,3MINDIA,LONG,30769.39,30784.17,30154.0,31692.47,32307.86,4,EXPIRED_SAME_DAY,59.14,0.00021,282170.13
2025-07-25,09:05 AM,09:15 AM,03:15 PM,AMBUJACEM,LONG,614.36,610.08,602.07,632.79,645.08,229,EXPIRED_SAME_DAY,-979.89,-0.003473,281190.24
2025-07-28,09:05 AM,09:15 AM,03:15 PM,3MINDIA,LONG,30784.17,30508.17,30168.49,31707.69,32323.37,4,EXPIRED_SAME_DAY,-1104.01,-0.003926,280086.23
2025-07-28,09:05 AM,09:15 AM,10:45 AM,BELRISE,LONG,130.49,127.88,127.88,134.41,137.02,1073,HIT_SL,-2802.91,-0.010007,277283.32
2025-07-28,09:05 AM,09:15 AM,03:15 PM,AMBUJACEM,LONG,608.89,608.04,596.71,627.16,639.34,227,EXPIRED_SAME_DAY,-192.07,-0.000693,277091.25
2025-07-29,09:05 AM,09:15 AM,03:15 PM,3MINDIA,LONG,30606.74,30473.67,29994.61,31524.94,32137.07,4,EXPIRED_SAME_DAY,-532.29,-0.001921,276558.96
2025-07-29,09:05 AM,09:15 AM,01:30 PM,ANTHEM,LONG,745.66,782.96,730.74,768.04,782.96,185,HIT_T2,6901.26,0.024954,283460.22
2025-07-29,09:05 AM,09:15 AM,10:45 AM,ACMESOLAR,LONG,295.57,289.66,289.66,304.43,310.34,479,HIT_SL,-2830.63,-0.009986,280629.59
2025-07-30,09:05 AM,09:15 AM,10:45 AM,BOSCHLTD,LONG,39738.5,38943.73,38943.73,40930.65,41725.42,3,HIT_SL,-2384.3,-0.008496,278245.29
2025-07-30,09:05 AM,09:15 AM,10:45 AM,ANTHEM,LONG,784.45,768.77,768.77,807.97,823.65,177,HIT_SL,-2776.2,-0.009978,275469.08
2025-07-30,09:05 AM,09:15 AM,10:45 AM,APARINDS,LONG,9710.0,9515.8,9515.8,10001.3,10195.5,14,HIT_SL,-2718.8,-0.00987,272750.28
2025-07-31,09:05 AM,09:15 AM,03:15 PM,AMBER,LONG,7925.0,7963.5,7766.5,8162.75,8321.25,17,EXPIRED_SAME_DAY,654.5,0.0024,273404.78
2025-07-31,09:05 AM,09:15 AM,03:15 PM,BOSCHLTD,LONG,39241.77,40120.98,38456.93,40419.03,41203.87,3,EXPIRED_SAME_DAY,2637.64,0.009647,276042.42
2025-07-31,09:05 AM,09:15 AM,10:45 AM,APARINDS,LONG,9405.0,9216.9,9216.9,9687.15,9875.25,14,HIT_SL,-2633.4,-0.00954,273409.02
2025-08-01,09:05 AM,09:15 AM,10:45 AM,ACUTAAS,LONG,1350.52,1323.51,1323.51,1391.04,1418.05,101,HIT_SL,-2728.51,-0.00998,270680.51
2025-08-01,09:05 AM,09:15 AM,11:15 AM,ABDL,LONG,511.57,526.92,501.34,526.92,537.15,264,HIT_T1,4052.28,0.014971,274732.79
2025-08-01,09:05 AM,09:15 AM,03:15 PM,AMBER,LONG,7965.0,7871.0,7805.7,8203.95,8363.25,17,EXPIRED_SAME_DAY,-1598.0,-0.005817,273134.79
2025-08-04,09:05 AM,09:15 AM,03:15 PM,ACUTAAS,LONG,1304.67,1322.85,1278.58,1343.81,1369.9,104,EXPIRED_SAME_DAY,1890.55,0.006922,275025.35
2025-08-04,09:05 AM,09:15 AM,11:15 AM,ABDL,LONG,508.65,523.92,498.47,523.92,534.1,270,HIT_T1,4124.04,0.014995,279149.39
2025-08-04,09:05 AM,09:15 AM,03:15 PM,BOSCHLTD,LONG,39887.52,40846.21,39089.77,41084.14,41881.89,3,EXPIRED_SAME_DAY,2876.08,0.010303,282025.47
2025-08-05,09:05 AM,09:15 AM,10:45 AM,ATHERENERG,LONG,400.95,392.93,392.93,412.98,421.0,351,HIT_SL,-2815.02,-0.009981,279210.45
2025-08-05,09:05 AM,09:15 AM,10:45 AM,ACUTAAS,LONG,1332.64,1305.99,1305.99,1372.62,1399.27,104,HIT_SL,-2771.93,-0.009928,276438.52
2025-08-05,09:05 AM,09:15 AM,10:45 AM,BELRISE,LONG,142.66,139.8,139.8,146.95,149.81,966,HIT_SL,-2758.72,-0.009979,273679.8
2025-08-06,09:05 AM,09:15 AM,10:45 AM,ACUTAAS,LONG,1335.64,1308.93,1308.93,1375.71,1402.42,102,HIT_SL,-2724.43,-0.009955,270955.37
2025-08-06,09:05 AM,09:15 AM,10:45 AM,ATHERENERG,LONG,393.0,385.14,385.14,404.79,412.65,344,HIT_SL,-2703.84,-0.009979,268251.53
2025-08-06,09:05 AM,09:15 AM,03:15 PM,ABCAPITAL,LONG,282.0,277.15,276.36,290.46,296.1,475,EXPIRED_SAME_DAY,-2303.75,-0.008588,265947.78
2025-08-07,09:05 AM,09:15 AM,11:15 AM,ATHERENERG,LONG,385.9,397.48,378.18,397.48,405.2,344,HIT_T1,3983.52,0.014979,269931.31
2025-08-07,09:05 AM,09:15 AM,03:15 PM,ABCAPITAL,LONG,276.5,278.15,270.97,284.8,290.32,488,EXPIRED_SAME_DAY,805.2,0.002983,270736.51
2025-08-07,09:05 AM,09:15 AM,03:15 PM,ACUTAAS,LONG,1298.68,1293.48,1272.7,1337.65,1363.63,104,EXPIRED_SAME_DAY,-540.56,-0.001997,270195.95
2025-09-15,09:05 AM,09:15 AM,03:15 PM,APARINDS,LONG,8640.0,8575.5,8467.2,8899.2,9072.0,15,EXPIRED_SAME_DAY,-967.5,-0.003581,269228.45
2025-09-15,09:05 AM,09:15 AM,03:15 PM,ADANIENSOL,LONG,834.0,837.15,817.32,859.02,875.7,161,EXPIRED_SAME_DAY,507.15,0.001884,269735.6
2025-09-15,09:05 AM,09:15 AM,03:15 PM,ABDL,LONG,551.23,559.51,540.2,567.77,578.8,244,EXPIRED_SAME_DAY,2021.03,0.007493,271756.63
2025-09-16,09:05 AM,09:15 AM,11:15 AM,ANANTRAJ,LONG,590.98,608.71,579.16,608.71,620.53,229,HIT_T1,4060.41,0.014941,275817.04
2025-09-16,09:05 AM,09:15 AM,03:15 PM,BDL,LONG,1596.57,1598.66,1564.64,1644.46,1676.39,86,EXPIRED_SAME_DAY,179.87,0.000652,275996.91
2025-09-16,09:05 AM,09:15 AM,10:45 AM,ABDL,LONG,559.51,548.32,548.32,576.29,587.48,246,HIT_SL,-2751.6,-0.00997,273245.31
2025-09-17,09:05 AM,09:15 AM,10:45 AM,ANANTRAJ,LONG,598.02,586.06,586.06,615.96,627.92,228,HIT_SL,-2726.29,-0.009977,270519.02
2025-09-17,09:05 AM,09:15 AM,10:45 AM,AEGISLOG,LONG,796.21,780.28,780.28,820.1,836.03,169,HIT_SL,-2691.73,-0.00995,267827.29
2025-09-17,09:05 AM,09:15 AM,03:15 PM,BDL,LONG,1600.75,1618.18,1568.74,1648.77,1680.78,83,EXPIRED_SAME_DAY,1446.55,0.005401,269273.83
2025-09-18,09:05 AM,09:15 AM,10:45 AM,AEGISLOG,LONG,796.7,780.77,780.77,820.6,836.53,169,HIT_SL,-2692.98,-0.010001,266580.86
2025-09-18,09:05 AM,09:15 AM,03:15 PM,ANANTRAJ,LONG,587.04,584.54,575.29,604.66,616.41,226,EXPIRED_SAME_DAY,-563.97,-0.002116,266016.88
2025-09-18,09:05 AM,09:15 AM,03:15 PM,BELRISE,LONG,154.95,154.38,151.85,159.6,162.7,858,EXPIRED_SAME_DAY,-489.06,-0.001838,265527.83
2025-09-19,09:05 AM,09:15 AM,01:30 PM,ANANTRAJ,LONG,585.14,614.39,573.44,602.69,614.39,226,HIT_T2,6610.84,0.024897,272138.66
2025-09-19,09:05 AM,09:15 AM,11:15 AM,BELRISE,LONG,153.71,158.32,150.64,158.32,161.39,886,HIT_T1,4084.45,0.015009,276223.12
2025-09-19,09:05 AM,09:15 AM,03:15 PM,AEGISLOG,LONG,777.41,787.35,761.86,800.73,816.28,177,EXPIRED_SAME_DAY,1759.8,0.006371,277982.92
2025-09-22,09:05 AM,09:15 AM,01:30 PM,ANANTRAJ,LONG,643.34,675.49,630.48,662.63,675.49,216,HIT_T2,6943.77,0.024979,284926.69
2025-09-22,09:05 AM,09:15 AM,10:45 AM,AEGISLOG,LONG,787.35,771.61,771.61,810.96,826.7,181,HIT_SL,-2849.77,-0.010002,282076.92
2025-09-22,09:05 AM,09:15 AM,01:30 PM,ADANIPOWER,LONG,148.2,155.6,145.24,152.64,155.6,952,HIT_T2,7044.8,0.024975,289121.72
2025-09-23,09:05 AM,09:15 AM,10:45 AM,ADANIPOWER,LONG,179.9,176.3,176.3,185.3,188.9,803,HIT_SL,-2890.8,-0.009999,286230.92
2025-09-23,09:05 AM,09:15 AM,10:45 AM,ATGL,LONG,789.72,773.93,773.93,813.41,829.2,181,HIT_SL,-2858.75,-0.009988,283372.17
2025-09-23,09:05 AM,09:15 AM,10:45 AM,ADANIGREEN,LONG,1164.0,1140.72,1140.72,1198.92,1222.2,121,HIT_SL,-2816.88,-0.009941,280555.29
2025-09-24,09:05 AM,09:15 AM,10:45 AM,ADANIPOWER,LONG,163.25,159.98,159.98,168.16,171.42,857,HIT_SL,-2802.39,-0.009989,277752.9
2025-09-24,09:05 AM,09:15 AM,10:45 AM,ATGL,LONG,723.75,709.27,709.27,745.47,759.95,191,HIT_SL,-2765.15,-0.009955,274987.75
2025-09-24,09:05 AM,09:15 AM,10:45 AM,ADANIGREEN,LONG,1126.0,1103.48,1103.48,1159.78,1182.3,122,HIT_SL,-2747.44,-0.009991,272240.31
2025-09-25,09:05 AM,09:15 AM,03:15 PM,ANANTRAJ,LONG,675.89,676.69,662.37,696.17,709.69,201,EXPIRED_SAME_DAY,160.91,0.000591,272401.22
2025-09-25,09:05 AM,09:15 AM,01:30 PM,ADANIPOWER,LONG,145.5,152.78,142.59,149.86,152.78,936,HIT_T2,6814.08,0.025015,279215.3
2025-09-25,09:05 AM,09:15 AM,03:15 PM,ADANIGREEN,LONG,1096.05,1079.55,1074.13,1128.93,1150.85,127,EXPIRED_SAME_DAY,-2095.51,-0.007505,277119.8
2025-09-26,09:05 AM,09:15 AM,10:45 AM,ADANIPOWER,LONG,151.35,148.32,148.32,155.9,158.93,914,HIT_SL,-2769.43,-0.009994,274350.37
2025-09-26,09:05 AM,09:15 AM,11:15 AM,ANANTRAJ,LONG,678.14,698.49,664.57,698.49,712.06,202,HIT_T1,4111.56,0.014987,278461.93
2025-09-26,09:05 AM,09:15 AM,10:45 AM,ATGL,LONG,674.26,660.78,660.78,694.48,707.96,206,HIT_SL,-2777.81,-0.009976,275684.12
2025-09-29,09:05 AM,09:15 AM,11:15 AM,ANANTRAJ,LONG,694.86,715.71,680.96,715.71,729.61,198,HIT_T1,4128.65,0.014976,279812.77
2025-09-29,09:05 AM,09:15 AM,03:15 PM,AUBANK,LONG,743.38,737.68,728.51,765.68,780.55,188,EXPIRED_SAME_DAY,-1071.24,-0.003828,278741.53
2025-09-29,09:05 AM,09:15 AM,10:45 AM,ASAHIINDIA,LONG,895.6,877.69,877.69,922.46,940.37,155,HIT_SL,-2776.05,-0.009959,275965.48
2025-09-30,09:05 AM,09:15 AM,03:15 PM,AUBANK,LONG,737.28,730.69,722.54,759.39,774.13,187,EXPIRED_SAME_DAY,-1233.08,-0.004468,274732.41
2025-09-30,09:05 AM,09:15 AM,03:15 PM,BPCL,LONG,323.69,323.6,317.22,333.4,339.87,424,EXPIRED_SAME_DAY,-39.78,-0.000145,274692.63
2025-09-30,09:05 AM,09:15 AM,10:45 AM,BELRISE,LONG,159.2,156.02,156.02,163.97,167.15,863,HIT_SL,-2744.34,-0.009991,271948.29
2025-10-01,09:05 AM,09:15 AM,03:15 PM,AEGISVOPAK,LONG,261.76,261.16,256.52,269.62,274.86,518,EXPIRED_SAME_DAY,-310.74,-0.001143,271637.55
2025-10-01,09:05 AM,09:15 AM,03:15 PM,ANANTRAJ,LONG,696.85,697.9,682.92,717.75,731.68,195,EXPIRED_SAME_DAY,203.78,0.00075,271841.33
2025-10-01,09:05 AM,09:15 AM,03:15 PM,BPCL,LONG,324.88,323.65,318.39,334.62,341.11,418,EXPIRED_SAME_DAY,-516.13,-0.001899,271325.2
2025-10-03,09:05 AM,09:15 AM,01:30 PM,AEGISVOPAK,LONG,260.81,273.86,255.59,268.64,273.86,519,HIT_T2,6772.67,0.024961,278097.87
2025-10-03,09:05 AM,09:15 AM,03:15 PM,AIAENG,LONG,3247.8,3224.3,3182.84,3345.24,3410.2,42,EXPIRED_SAME_DAY,-987.0,-0.003549,277110.86
2025-10-03,09:05 AM,09:15 AM,10:45 AM,ADANIPOWER,LONG,152.9,149.84,149.84,157.49,160.55,905,HIT_SL,-2769.29,-0.009993,274341.57
2025-10-06,09:05 AM,09:15 AM,10:45 AM,AEGISVOPAK,LONG,283.24,277.58,277.58,291.73,297.39,484,HIT_SL,-2741.51,-0.009993,271600.06
2025-10-06,09:05 AM,09:15 AM,10:45 AM,AEGISLOG,LONG,864.39,847.11,847.11,890.31,907.59,157,HIT_SL,-2713.61,-0.009991,268886.46
2025-10-06,09:05 AM,09:15 AM,01:30 PM,ATHERENERG,LONG,591.8,621.4,579.96,609.56,621.4,227,HIT_T2,6719.2,0.024989,275605.66
2025-10-07,09:05 AM,09:15 AM,10:45 AM,AEGISVOPAK,LONG,279.35,273.76,273.76,287.73,293.32,493,HIT_SL,-2754.42,-0.009994,272851.24
2025-10-07,09:05 AM,09:15 AM,11:15 AM,ATHERENERG,LONG,621.0,639.63,608.58,639.63,652.05,219,HIT_T1,4079.97,0.014953,276931.21
2025-10-07,09:05 AM,09:15 AM,03:15 PM,AEGISLOG,LONG,823.61,816.0,807.14,848.32,864.79,168,EXPIRED_SAME_DAY,-1278.72,-0.004617,275652.49
2025-10-08,09:05 AM,09:15 AM,10:45 AM,CPPLUS,LONG,1424.35,1395.87,1395.87,1467.07,1495.55,96,HIT_SL,-2734.4,-0.00992,272918.09
2025-10-08,09:05 AM,09:15 AM,10:45 AM,AEGISLOG,LONG,819.98,803.58,803.58,844.58,860.98,166,HIT_SL,-2722.52,-0.009976,270195.57
2025-10-08,09:05 AM,09:15 AM,10:45 AM,ABLBL,LONG,146.22,143.3,143.3,150.6,153.52,925,HIT_SL,-2704.28,-0.010009,267491.29
2025-10-09,09:05 AM,09:15 AM,10:45 AM,ATHERENERG,LONG,640.0,627.2,627.2,659.2,672.0,208,HIT_SL,-2662.4,-0.009953,264828.89
2025-10-09,09:05 AM,09:15 AM,03:15 PM,ASTERDM,LONG,695.5,694.71,681.59,716.37,730.28,190,EXPIRED_SAME_DAY,-150.77,-0.000569,264678.12
2025-10-09,09:05 AM,09:15 AM,11:15 AM,BSE,LONG,2238.3,2305.44,2193.54,2305.44,2350.2,59,HIT_T1,3961.08,0.014966,268639.2
2025-10-10,09:05 AM,09:15 AM,11:15 AM,BSE,LONG,2328.86,2398.72,2282.29,2398.72,2445.29,57,HIT_T1,3981.76,0.014822,272620.96
2025-10-10,09:05 AM,09:15 AM,03:15 PM,ASTERDM,LONG,687.04,682.56,673.3,707.65,721.39,198,EXPIRED_SAME_DAY,-887.16,-0.003254,271733.8
2025-10-10,09:05 AM,09:15 AM,03:15 PM,ABLBL,LONG,142.49,142.07,139.64,146.77,149.62,953,EXPIRED_SAME_DAY,-403.45,-0.001485,271330.34
2025-10-13,09:05 AM,09:15 AM,01:30 PM,BSE,LONG,2368.76,2487.21,2321.38,2439.83,2487.21,57,HIT_T2,6751.68,0.024884,278082.02
2025-10-13,09:05 AM,09:15 AM,03:15 PM,BHARTIHEXA,LONG,1730.96,1770.42,1696.34,1782.89,1817.51,80,EXPIRED_SAME_DAY,3157.18,0.011353,281239.2
2025-10-13,09:05 AM,09:15 AM,03:15 PM,ASTERDM,LONG,682.56,697.69,668.91,703.04,716.69,206,EXPIRED_SAME_DAY,3116.73,0.011082,284355.93
2025-10-14,09:05 AM,09:15 AM,10:45 AM,BSE,LONG,2494.43,2444.54,2444.54,2569.26,2619.15,56,HIT_SL,-2793.75,-0.009825,281562.18
2025-10-14,09:05 AM,09:15 AM,10:45 AM,BHARTIHEXA,LONG,1770.42,1735.01,1735.01,1823.54,1858.95,79,HIT_SL,-2797.47,-0.009936,278764.71
2025-10-14,09:05 AM,09:15 AM,03:15 PM,ACUTAAS,LONG,1498.1,1496.9,1468.14,1543.04,1573.0,93,EXPIRED_SAME_DAY,-111.6,-0.0004,278653.11
2025-10-15,09:05 AM,09:15 AM,10:45 AM,MAPMYINDIA,LONG,1964.33,1925.05,1925.05,2023.25,2062.53,70,HIT_SL,-2749.92,-0.009869,275903.19
2025-10-15,09:05 AM,09:15 AM,03:15 PM,BSE,LONG,2453.54,2449.85,2404.47,2527.14,2576.21,56,EXPIRED_SAME_DAY,-206.43,-0.000748,275696.77
2025-10-15,09:05 AM,09:15 AM,10:45 AM,ANANDRATHI,LONG,1578.34,1546.77,1546.77,1625.69,1657.26,87,HIT_SL,-2746.58,-0.009962,272950.19
2025-10-16,09:05 AM,09:15 AM,10:45 AM,MAPMYINDIA,LONG,1863.23,1825.97,1825.97,1919.12,1956.38,73,HIT_SL,-2720.08,-0.009965,270230.11
2025-10-16,09:05 AM,09:15 AM,03:15 PM,ACUTAAS,LONG,1550.0,1553.4,1519.0,1596.5,1627.5,87,EXPIRED_SAME_DAY,295.8,0.001095,270525.91
2025-10-16,09:05 AM,09:15 AM,11:15 AM,ANGELONE,LONG,239.38,246.56,234.59,246.56,251.35,564,HIT_T1,4050.04,0.014971,274575.95
2025-10-17,09:05 AM,09:15 AM,11:15 AM,ATHERENERG,LONG,680.0,700.4,666.4,700.4,714.0,201,HIT_T1,4100.4,0.014934,278676.35
2025-10-17,09:05 AM,09:15 AM,11:15 AM,ANGELONE,LONG,242.14,249.41,237.29,249.41,254.26,574,HIT_T1,4175.36,0.014983,282851.7
2025-10-17,09:05 AM,09:15 AM,01:30 PM,ACUTAAS,LONG,1559.9,1637.9,1528.7,1606.7,1637.9,90,HIT_T2,7020.0,0.024819,289871.7
2025-10-20,09:05 AM,09:15 AM,01:30 PM,ATHERENERG,LONG,688.0,722.4,674.24,708.64,722.4,210,HIT_T2,7224.0,0.024921,297095.7
2025-10-20,09:05 AM,09:15 AM,01:30 PM,ACUTAAS,LONG,1700.0,1785.0,1666.0,1751.0,1785.0,87,HIT_T2,7395.0,0.024891,304490.7
2025-10-20,09:05 AM,09:15 AM,03:15 PM,ADANIPOWER,LONG,168.05,170.3,164.69,173.09,176.45,906,EXPIRED_SAME_DAY,2038.5,0.006695,306529.2
2025-10-21,09:05 AM,09:15 AM,01:30 PM,ATHERENERG,LONG,735.0,771.75,720.3,757.05,771.75,208,HIT_T2,7644.0,0.024937,314173.2
2025-10-21,09:05 AM,09:15 AM,11:15 AM,ACUTAAS,LONG,1765.0,1817.95,1729.7,1817.95,1853.25,89,HIT_T1,4712.55,0.015,318885.75
2025-10-21,09:05 AM,09:15 AM,03:15 PM,AUBANK,LONG,865.16,860.51,847.86,891.11,908.41,184,EXPIRED_SAME_DAY,-855.56,-0.002683,318030.19
2025-10-23,09:05 AM,09:15 AM,10:45 AM,ATHERENERG,LONG,770.0,754.6,754.6,793.1,808.5,206,HIT_SL,-3172.4,-0.009975,314857.79
2025-10-23,09:05 AM,09:15 AM,10:45 AM,ACUTAAS,LONG,1790.0,1754.2,1754.2,1843.7,1879.5,87,HIT_SL,-3114.6,-0.009892,311743.19
2025-10-23,09:05 AM,09:15 AM,11:15 AM,ABDL,LONG,604.57,622.72,592.47,622.72,634.82,257,HIT_T1,4665.77,0.014967,316408.96
2025-10-24,09:05 AM,09:15 AM,10:45 AM,BLS,LONG,321.64,315.21,315.21,331.28,337.71,492,HIT_SL,-3163.46,-0.009998,313245.49
2025-10-24,09:05 AM,09:15 AM,03:15 PM,ABDL,LONG,620.08,613.04,607.68,638.68,651.08,252,EXPIRED_SAME_DAY,-1774.31,-0.005664,311471.19
2025-10-24,09:05 AM,09:15 AM,10:45 AM,ATHERENERG,LONG,738.85,724.07,724.07,761.02,775.8,210,HIT_SL,-3103.79,-0.009965,308367.39
2025-10-27,09:05 AM,09:15 AM,10:45 AM,ABDL,LONG,609.72,597.53,597.53,628.01,640.2,252,HIT_SL,-3072.03,-0.009962,305295.37
2025-10-27,09:05 AM,09:15 AM,11:15 AM,BSOFT,LONG,375.53,386.8,368.02,386.8,394.31,406,HIT_T1,4574.68,0.014984,309870.05
2025-10-27,09:05 AM,09:15 AM,10:45 AM,BBTC,LONG,2054.25,2013.16,2013.16,2115.88,2156.97,75,HIT_SL,-3081.57,-0.009945,306788.49
2025-10-28,09:05 AM,09:15 AM,03:15 PM,BANKINDIA,LONG,135.29,136.63,132.58,139.36,142.07,1132,EXPIRED_SAME_DAY,1516.2,0.004942,308304.68
2025-10-28,09:05 AM,09:15 AM,10:45 AM,BSOFT,LONG,379.79,372.2,372.2,391.18,398.77,406,HIT_SL,-3082.33,-0.009998,305222.35
2025-10-28,09:05 AM,09:15 AM,03:15 PM,ABDL,LONG,606.6,606.65,594.47,624.79,636.92,251,EXPIRED_SAME_DAY,13.15,4.3e-05,305235.51
2025-10-29,09:05 AM,09:15 AM,03:15 PM,BSOFT,LONG,368.97,367.5,361.59,380.04,387.42,413,EXPIRED_SAME_DAY,-607.73,-0.001991,304627.78
2025-10-29,09:05 AM,09:15 AM,03:15 PM,BANKINDIA,LONG,137.25,136.32,134.5,141.37,144.12,1107,EXPIRED_SAME_DAY,-1025.86,-0.003368,303601.92
2025-10-29,09:05 AM,09:15 AM,11:15 AM,APARINDS,LONG,9291.0,9569.73,9105.18,9569.73,9755.55,16,HIT_T1,4459.68,0.014689,308061.6
2025-10-30,09:05 AM,09:15 AM,01:30 PM,BLUEDART,LONG,6598.0,6927.9,6466.04,6795.94,6927.9,23,HIT_T2,7587.7,0.02463,315649.3
2025-10-30,09:05 AM,09:15 AM,11:15 AM,ABREL,LONG,1805.75,1859.92,1769.64,1859.92,1896.03,87,HIT_T1,4712.6,0.01493,320361.9
2025-10-30,09:05 AM,09:15 AM,10:45 AM,APARINDS,LONG,9585.0,9393.3,9393.3,9872.55,10064.25,16,HIT_SL,-3067.2,-0.009574,317294.7
2025-10-31,09:05 AM,09:15 AM,03:15 PM,BLUEDART,LONG,6578.0,6572.0,6446.44,6775.34,6906.9,24,EXPIRED_SAME_DAY,-144.0,-0.000454,317150.7
2025-10-31,09:05 AM,09:15 AM,10:45 AM,ABREL,LONG,1876.73,1839.19,1839.19,1933.04,1970.58,84,HIT_SL,-3153.22,-0.009942,313997.48
2025-10-31,09:05 AM,09:15 AM,03:15 PM,BHEL,LONG,260.45,264.64,255.24,268.26,273.47,602,EXPIRED_SAME_DAY,2522.47,0.008033,316519.95
2025-11-03,09:05 AM,09:15 AM,10:45 AM,BLUEDART,LONG,6495.0,6365.1,6365.1,6689.85,6819.75,24,HIT_SL,-3117.6,-0.00985,313402.35
2025-11-03,09:05 AM,09:15 AM,03:15 PM,BHEL,LONG,264.15,264.1,258.86,272.08,277.37,592,EXPIRED_SAME_DAY,-28.36,-9.1e-05,313373.99
2025-11-03,09:05 AM,09:15 AM,03:15 PM,ABREL,LONG,1873.43,1871.74,1835.97,1929.62,1967.08,83,EXPIRED_SAME_DAY,-140.61,-0.000449,313233.38
2025-11-04,09:05 AM,09:15 AM,03:15 PM,BLUEDART,LONG,6370.5,6376.0,6243.09,6561.62,6689.02,24,EXPIRED_SAME_DAY,132.0,0.000421,313365.38
2025-11-04,09:05 AM,09:15 AM,03:15 PM,BHEL,LONG,262.65,266.39,257.4,270.53,275.78,596,EXPIRED_SAME_DAY,2227.4,0.007108,315592.79
2025-11-04,09:05 AM,09:15 AM,10:45 AM,ABDL,LONG,681.6,667.97,667.97,702.04,715.67,231,HIT_SL,-3148.13,-0.009975,312444.66
2025-11-06,09:05 AM,09:15 AM,11:15 AM,3MINDIA,LONG,35190.36,36246.07,34486.55,36246.07,36949.88,4,HIT_T1,4222.84,0.013515,316667.5
2025-11-06,09:05 AM,09:15 AM,03:15 PM,BLUEDART,LONG,6375.0,6331.0,6247.5,6566.25,6693.75,24,EXPIRED_SAME_DAY,-1056.0,-0.003335,315611.5
2025-11-06,09:05 AM,09:15 AM,10:45 AM,BHEL,LONG,265.84,260.53,260.53,273.81,279.12,594,HIT_SL,-3155.59,-0.009998,312455.91
2025-11-07,09:05 AM,09:15 AM,03:15 PM,3MINDIA,LONG,34993.22,35072.07,34293.35,36043.02,36742.89,4,EXPIRED_SAME_DAY,315.41,0.001009,312771.32
2025-11-07,09:05 AM,09:15 AM,01:30 PM,CCL,LONG,967.39,1015.76,948.04,996.41,1015.76,161,HIT_T2,7788.04,0.0249,320559.36
2025-11-07,09:05 AM,09:15 AM,03:15 PM,ASTRAL,LONG,1558.61,1555.81,1527.44,1605.36,1636.53,102,EXPIRED_SAME_DAY,-285.39,-0.00089,320273.97
2025-11-10,09:05 AM,09:15 AM,01:30 PM,CCL,LONG,1012.17,1062.79,991.92,1042.54,1062.79,158,HIT_T2,7998.56,0.024974,328272.53
2025-11-10,09:05 AM,09:15 AM,11:15 AM,3MINDIA,LONG,34559.5,35596.28,33868.31,35596.28,36287.47,4,HIT_T1,4147.13,0.012633,332419.66
2025-11-10,09:05 AM,09:15 AM,10:45 AM,CPPLUS,LONG,1589.18,1557.4,1557.4,1636.85,1668.63,104,HIT_SL,-3304.97,-0.009942,329114.68
2025-11-11,09:05 AM,09:15 AM,10:45 AM,CCL,LONG,1055.0,1033.9,1033.9,1086.65,1107.75,155,HIT_SL,-3270.56,-0.009937,325844.12
2025-11-11,09:05 AM,09:15 AM,03:15 PM,3MINDIA,LONG,35486.08,35520.58,34776.36,36550.66,37260.38,4,EXPIRED_SAME_DAY,138.01,0.000424,325982.13
2025-11-11,09:05 AM,09:15 AM,10:45 AM,CPPLUS,LONG,1501.12,1471.1,1471.1,1546.15,1576.17,108,HIT_SL,-3242.01,-0.009945,322740.13
2025-11-12,09:05 AM,09:15 AM,11:15 AM,CCL,LONG,1028.17,1059.01,1007.61,1059.01,1079.57,156,HIT_T1,4810.58,0.014905,327550.71
2025-11-12,09:05 AM,09:15 AM,03:15 PM,3MINDIA,LONG,35584.65,35491.01,34872.96,36652.19,37363.88,4,EXPIRED_SAME_DAY,-374.57,-0.001144,327176.15
2025-11-12,09:05 AM,09:15 AM,03:15 PM,CPPLUS,LONG,1507.12,1494.92,1476.97,1552.34,1582.49,108,EXPIRED_SAME_DAY,-1317.15,-0.004026,325859.0
2025-11-13,09:05 AM,09:15 AM,10:45 AM,CCL,LONG,1058.39,1037.22,1037.22,1090.15,1111.32,153,HIT_SL,-3239.21,-0.009941,322619.79
2025-11-13,09:05 AM,09:15 AM,11:15 AM,CPPLUS,LONG,1569.29,1616.37,1537.9,1616.37,1647.76,102,HIT_T1,4802.4,0.014886,327422.19
2025-11-13,09:05 AM,09:15 AM,03:15 PM,ASIANPAINT,LONG,2829.89,2850.18,2773.29,2914.79,2971.39,57,EXPIRED_SAME_DAY,1156.37,0.003532,328578.56
2025-11-14,09:05 AM,09:15 AM,10:45 AM,CPPLUS,LONG,1667.24,1633.9,1633.9,1717.25,1750.59,98,HIT_SL,-3267.63,-0.009945,325310.93
2025-11-14,09:05 AM,09:15 AM,11:15 AM,BSE,LONG,2733.8,2815.82,2679.12,2815.82,2870.5,59,HIT_T1,4839.32,0.014876,330150.25
2025-11-14,09:05 AM,09:15 AM,03:15 PM,AIAENG,LONG,3709.2,3693.0,3635.02,3820.47,3894.65,44,EXPIRED_SAME_DAY,-712.8,-0.002159,329437.45
2025-11-17,09:05 AM,09:15 AM,03:15 PM,AIAENG,LONG,3693.0,3760.4,3619.14,3803.79,3877.65,44,EXPIRED_SAME_DAY,2965.6,0.009002,332403.05
2025-11-17,09:05 AM,09:15 AM,10:45 AM,BDL,LONG,1614.35,1582.07,1582.07,1662.77,1695.05,102,HIT_SL,-3292.79,-0.009906,329110.26
2025-11-17,09:05 AM,09:15 AM,03:15 PM,ASIANPAINT,LONG,2876.91,2858.6,2819.37,2963.22,3020.76,57,EXPIRED_SAME_DAY,-1043.72,-0.003171,328066.54
2025-11-18,09:05 AM,09:15 AM,03:15 PM,CPPLUS,LONG,1675.34,1679.94,1641.83,1725.6,1759.11,97,EXPIRED_SAME_DAY,446.26,0.00136,328512.8
2025-11-18,09:05 AM,09:15 AM,03:15 PM,APARINDS,LONG,9220.5,9317.0,9036.09,9497.12,9681.52,17,EXPIRED_SAME_DAY,1640.5,0.004994,330153.3
2025-11-18,09:05 AM,09:15 AM,03:15 PM,BIOCON,LONG,422.0,421.1,413.56,434.66,443.1,391,EXPIRED_SAME_DAY,-350.07,-0.00106,329803.23
2025-11-19,09:05 AM,09:15 AM,11:15 AM,CPPLUS,LONG,1689.23,1739.9,1655.45,1739.9,1773.68,97,HIT_T1,4914.69,0.014902,334717.92
2025-11-19,09:05 AM,09:15 AM,03:15 PM,ASIANPAINT,LONG,2888.94,2868.81,2831.16,2975.61,3033.39,57,EXPIRED_SAME_DAY,-1147.15,-0.003427,333570.77
2025-11-19,09:05 AM,09:15 AM,10:45 AM,BIOCON,LONG,423.49,415.02,415.02,436.2,444.67,393,HIT_SL,-3330.1,-0.009983,330240.67
2025-11-20,09:05 AM,09:15 AM,10:45 AM,GROWW,LONG,157.55,154.4,154.4,162.28,165.43,1048,HIT_SL,-3301.2,-0.009996,326939.47
2025-11-20,09:05 AM,09:15 AM,10:45 AM,CPPLUS,LONG,1736.51,1701.78,1701.78,1788.61,1823.34,94,HIT_SL,-3264.79,-0.009986,323674.68
2025-11-20,09:05 AM,09:15 AM,10:45 AM,ATHERENERG,LONG,685.0,671.3,671.3,705.55,719.25,236,HIT_SL,-3233.2,-0.009989,320441.48
2025-11-21,09:05 AM,09:15 AM,01:30 PM,GROWW,LONG,156.02,163.82,152.9,160.7,163.82,1027,HIT_T2,8010.6,0.024999,328452.08
2025-11-21,09:05 AM,09:15 AM,01:30 PM,ANURAS,LONG,1187.9,1247.3,1164.14,1223.54,1247.3,138,HIT_T2,8197.2,0.024957,336649.27
2025-11-21,09:05 AM,09:15 AM,03:15 PM,ATHERENERG,LONG,696.95,695.9,683.01,717.86,731.8,241,EXPIRED_SAME_DAY,-253.05,-0.000752,336396.22
2025-11-24,09:05 AM,09:15 AM,10:45 AM,ANURAS,LONG,1253.0,1227.94,1227.94,1290.59,1315.65,134,HIT_SL,-3358.04,-0.009982,333038.18
2025-11-24,09:05 AM,09:15 AM,10:45 AM,ATHERENERG,LONG,697.0,683.06,683.06,717.91,731.85,238,HIT_SL,-3317.72,-0.009962,329720.46
2025-11-24,09:05 AM,09:15 AM,10:45 AM,360ONE,LONG,1140.98,1118.16,1118.16,1175.21,1198.03,144,HIT_SL,-3285.59,-0.009965,326434.87
2025-11-25,09:05 AM,09:15 AM,11:15 AM,ANURAS,LONG,1200.0,1236.0,1176.0,1236.0,1260.0,136,HIT_T1,4896.0,0.014998,331330.87
2025-11-25,09:05 AM,09:15 AM,10:45 AM,ACUTAAS,LONG,1880.0,1842.4,1842.4,1936.4,1974.0,88,HIT_SL,-3308.8,-0.009986,328022.07
2025-11-25,09:05 AM,09:15 AM,10:45 AM,ASAHIINDIA,LONG,1047.0,1026.06,1026.06,1078.41,1099.35,156,HIT_SL,-3266.64,-0.009959,324755.43
2025-11-26,09:05 AM,09:15 AM,03:15 PM,ANURAS,LONG,1238.6,1231.8,1213.83,1275.75,1300.52,131,EXPIRED_SAME_DAY,-890.8,-0.002743,323864.63
2025-11-26,09:05 AM,09:15 AM,03:15 PM,ACUTAAS,LONG,1793.5,1794.8,1757.63,1847.3,1883.18,90,EXPIRED_SAME_DAY,117.0,0.000361,323981.63
2025-11-26,09:05 AM,09:15 AM,11:15 AM,360ONE,LONG,1115.42,1148.87,1093.12,1148.87,1171.17,145,HIT_T1,4849.53,0.014969,328831.16
2025-11-27,09:05 AM,09:15 AM,10:45 AM,ANURAS,LONG,1244.0,1219.12,1219.12,1281.32,1306.2,132,HIT_SL,-3284.16,-0.009987,325547.0
2025-11-27,09:05 AM,09:15 AM,03:15 PM,ABCAPITAL,LONG,350.0,351.75,343.0,360.5,367.5,465,EXPIRED_SAME_DAY,813.75,0.0025,326360.75
2025-11-27,09:05 AM,09:15 AM,03:15 PM,ACUTAAS,LONG,1796.0,1788.7,1760.08,1849.88,1885.8,90,EXPIRED_SAME_DAY,-657.0,-0.002013,325703.75
2025-11-28,09:05 AM,09:15 AM,03:15 PM,ASHOKLEY,LONG,155.35,155.47,152.24,160.01,163.12,1047,EXPIRED_SAME_DAY,125.76,0.000386,325829.51
2025-11-28,09:05 AM,09:15 AM,03:15 PM,ABCAPITAL,LONG,353.0,358.05,345.94,363.59,370.65,461,EXPIRED_SAME_DAY,2328.05,0.007145,328157.56
2025-11-28,09:05 AM,09:15 AM,11:15 AM,ACUTAAS,LONG,1789.9,1843.6,1754.1,1843.6,1879.4,91,HIT_T1,4886.7,0.014891,333044.26
2025-12-01,09:05 AM,09:15 AM,03:15 PM,ABCAPITAL,LONG,358.0,356.1,350.84,368.74,375.9,465,EXPIRED_SAME_DAY,-883.5,-0.002653,332160.76
2025-12-01,09:05 AM,09:15 AM,03:15 PM,ASHOKLEY,LONG,155.61,157.61,152.49,160.29,163.41,1064,EXPIRED_SAME_DAY,2132.77,0.006421,334293.52
2025-12-01,09:05 AM,09:15 AM,10:45 AM,ACUTAAS,LONG,1847.2,1810.26,1810.26,1902.61,1939.55,90,HIT_SL,-3324.6,-0.009945,330968.93
2025-12-02,09:05 AM,09:15 AM,03:15 PM,ASHOKLEY,LONG,157.32,157.32,154.17,162.04,165.19,1050,EXPIRED_SAME_DAY,3.84,1.2e-05,330972.77
2025-12-02,09:05 AM,09:15 AM,03:15 PM,ABCAPITAL,LONG,356.1,355.75,348.98,366.78,373.9,464,EXPIRED_SAME_DAY,-162.4,-0.000491,330810.36
2025-12-02,09:05 AM,09:15 AM,03:15 PM,AEGISVOPAK,LONG,272.55,275.45,267.1,280.73,286.18,606,EXPIRED_SAME_DAY,1756.17,0.005309,332566.53
2025-12-03,09:05 AM,09:15 AM,03:15 PM,ASHOKLEY,LONG,157.62,159.98,154.47,162.35,165.5,1055,EXPIRED_SAME_DAY,2488.6,0.007483,335055.13
2025-12-03,09:05 AM,09:15 AM,10:45 AM,AEGISVOPAK,LONG,274.1,268.62,268.62,282.32,287.8,611,HIT_SL,-3348.83,-0.009995,331706.3
2025-12-03,09:05 AM,09:15 AM,10:45 AM,BELRISE,LONG,170.0,166.6,166.6,175.1,178.5,975,HIT_SL,-3315.0,-0.009994,328391.3
2025-12-04,09:05 AM,09:15 AM,11:15 AM,BSOFT,LONG,415.86,428.34,407.54,428.34,436.66,394,HIT_T1,4917.72,0.014975,333309.02
2025-12-04,09:05 AM,09:15 AM,03:15 PM,ASHOKLEY,LONG,159.38,157.52,156.19,164.17,167.36,1044,EXPIRED_SAME_DAY,-1943.02,-0.005829,331366.0
2025-12-04,09:05 AM,09:15 AM,10:45 AM,BELRISE,LONG,166.2,162.88,162.88,171.18,174.5,998,HIT_SL,-3313.36,-0.009999,328052.64
2025-12-05,09:05 AM,09:15 AM,03:15 PM,BSOFT,LONG,429.56,426.45,420.97,442.44,451.03,381,EXPIRED_SAME_DAY,-1183.45,-0.003608,326869.19
2025-12-05,09:05 AM,09:15 AM,03:15 PM,ANTHEM,LONG,660.28,652.75,647.07,680.09,693.3,247,EXPIRED_SAME_DAY,-1859.55,-0.005689,325009.65
2025-12-05,09:05 AM,09:15 AM,03:15 PM,BALKRISIND,LONG,2382.95,2370.62,2335.3,2454.43,2502.08,68,EXPIRED_SAME_DAY,-838.75,-0.002581,324170.89
2025-12-08,09:05 AM,09:15 AM,10:45 AM,BSOFT,LONG,427.39,418.84,418.84,440.21,448.76,379,HIT_SL,-3239.78,-0.009994,320931.12
2025-12-08,09:05 AM,09:15 AM,03:15 PM,ASIANPAINT,LONG,2944.45,2903.11,2885.56,3032.79,3091.68,54,EXPIRED_SAME_DAY,-2232.57,-0.006957,318698.55
2025-12-08,09:05 AM,09:15 AM,03:15 PM,ANURAS,LONG,1255.0,1241.3,1229.9,1292.65,1317.75,126,EXPIRED_SAME_DAY,-1726.2,-0.005416,316972.35
2025-12-09,09:05 AM,09:15 AM,03:15 PM,BSOFT,LONG,421.28,424.14,412.85,433.92,442.35,376,EXPIRED_SAME_DAY,1075.95,0.003394,318048.3
2025-12-09,09:05 AM,09:15 AM,10:45 AM,AJANTPHARM,LONG,2616.03,2563.71,2563.71,2694.51,2746.83,60,HIT_SL,-3139.48,-0.009871,314908.81
2025-12-09,09:05 AM,09:15 AM,03:15 PM,BALKRISIND,LONG,2330.83,2312.52,2284.21,2400.76,2447.38,67,EXPIRED_SAME_DAY,-1226.57,-0.003895,313682.24
2025-12-10,09:05 AM,09:15 AM,03:15 PM,ANURAS,LONG,1306.1,1297.9,1279.98,1345.28,1371.4,120,EXPIRED_SAME_DAY,-984.0,-0.003137,312698.24
2025-12-10,09:05 AM,09:15 AM,10:45 AM,BSOFT,LONG,426.06,417.54,417.54,438.84,447.36,367,HIT_SL,-3126.05,-0.009997,309572.19
2025-12-10,09:05 AM,09:15 AM,03:15 PM,BBTC,LONG,1844.27,1838.82,1807.38,1899.6,1936.49,83,EXPIRED_SAME_DAY,-452.08,-0.00146,309120.11
2025-12-11,09:05 AM,09:15 AM,03:15 PM,AAVAS,LONG,1527.5,1558.2,1496.95,1573.32,1603.88,101,EXPIRED_SAME_DAY,3100.7,0.010031,312220.81
2025-12-11,09:05 AM,09:15 AM,03:15 PM,AUBANK,LONG,980.05,972.06,960.45,1009.45,1029.05,159,EXPIRED_SAME_DAY,-1270.13,-0.004068,310950.68
2025-12-11,09:05 AM,09:15 AM,03:15 PM,APTUS,LONG,285.33,290.58,279.62,293.9,299.61,544,EXPIRED_SAME_DAY,2855.27,0.009182,313805.95
2025-12-12,09:05 AM,09:15 AM,03:15 PM,AAVAS,LONG,1559.0,1569.2,1527.82,1605.77,1636.95,100,EXPIRED_SAME_DAY,1020.0,0.00325,314825.95
2025-12-12,09:05 AM,09:15 AM,03:15 PM,ANTHEM,LONG,685.31,697.63,671.61,705.86,719.56,229,EXPIRED_SAME_DAY,2820.54,0.008959,317646.49
2025-12-12,09:05 AM,09:15 AM,03:15 PM,APTUS,LONG,292.27,289.64,286.42,301.04,306.89,542,EXPIRED_SAME_DAY,-1423.56,-0.004482,316222.93
2025-12-15,09:05 AM,09:15 AM,10:45 AM,CCL,LONG,1015.66,995.34,995.34,1046.14,1066.46,155,HIT_SL,-3149.09,-0.009958,313073.84
2025-12-15,09:05 AM,09:15 AM,03:15 PM,ACMESOLAR,LONG,227.8,230.37,223.24,234.64,239.2,686,EXPIRED_SAME_DAY,1763.56,0.005633,314837.4
2025-12-15,09:05 AM,09:15 AM,03:15 PM,ANTHEM,LONG,688.21,697.23,674.44,708.86,722.63,228,EXPIRED_SAME_DAY,2057.54,0.006535,316894.93
2025-12-16,09:05 AM,09:15 AM,03:15 PM,BANDHANBNK,LONG,151.0,149.49,147.98,155.53,158.55,1049,EXPIRED_SAME_DAY,-1583.99,-0.004998,315310.94
2025-12-16,09:05 AM,09:15 AM,03:15 PM,ACMESOLAR,LONG,229.3,230.72,224.71,236.18,240.77,686,EXPIRED_SAME_DAY,975.57,0.003094,316286.52
2025-12-16,09:05 AM,09:15 AM,03:15 PM,ANANTRAJ,LONG,546.1,538.37,535.18,562.48,573.4,289,EXPIRED_SAME_DAY,-2234.75,-0.007066,314051.76
2025-12-17,09:05 AM,09:15 AM,10:45 AM,AIIL,LONG,559.94,548.74,548.74,576.74,587.94,280,HIT_SL,-3136.0,-0.009986,310915.76
2025-12-17,09:05 AM,09:15 AM,10:45 AM,ANANTRAJ,LONG,537.22,526.47,526.47,553.34,564.09,289,HIT_SL,-3105.97,-0.00999,307809.8
2025-12-17,09:05 AM,09:15 AM,03:15 PM,BALRAMCHIN,LONG,442.1,440.3,433.26,455.36,464.2,348,EXPIRED_SAME_DAY,-626.4,-0.002035,307183.4
2025-12-18,09:05 AM,09:15 AM,10:45 AM,AIIL,LONG,551.8,540.76,540.76,568.36,579.4,278,HIT_SL,-3069.12,-0.009991,304114.28
2025-12-18,09:05 AM,09:15 AM,10:45 AM,ACMESOLAR,LONG,236.2,231.48,231.48,243.28,248.0,644,HIT_SL,-3040.84,-0.009999,301073.44
2025-12-18,09:05 AM,09:15 AM,11:15 AM,AEGISVOPAK,LONG,256.01,263.69,250.89,263.69,268.81,588,HIT_T1,4513.47,0.014991,305586.9
2025-12-19,09:05 AM,09:15 AM,03:15 PM,ASHOKLEY,LONG,169.19,170.65,165.81,174.26,177.64,904,EXPIRED_SAME_DAY,1316.47,0.004308,306903.38
2025-12-19,09:05 AM,09:15 AM,10:45 AM,BLUESTARCO,LONG,1848.73,1811.76,1811.76,1904.19,1941.16,83,HIT_SL,-3068.8,-0.009999,303834.58
2025-12-19,09:05 AM,09:15 AM,10:45 AM,ABSLAMC,LONG,775.57,760.05,760.05,798.85,814.37,195,HIT_SL,-3025.45,-0.009958,300809.13
2025-12-22,09:05 AM,09:15 AM,10:45 AM,AIIL,LONG,581.0,569.38,569.38,598.43,610.05,258,HIT_SL,-2997.96,-0.009966,297811.17
2025-12-22,09:05 AM,09:15 AM,11:15 AM,GROWW,LONG,164.71,169.65,161.42,169.65,172.94,905,HIT_T1,4470.69,0.015012,302281.87
2025-12-22,09:05 AM,09:15 AM,10:45 AM,ATHERENERG,LONG,705.6,691.49,691.49,726.76,740.87,214,HIT_SL,-3019.53,-0.009989,299262.33
2025-12-23,09:05 AM,09:15 AM,03:15 PM,GROWW,LONG,163.26,160.82,159.99,168.16,171.43,915,EXPIRED_SAME_DAY,-2232.59,-0.00746,297029.74
2025-12-23,09:05 AM,09:15 AM,03:15 PM,AIIL,LONG,580.56,576.76,568.95,597.97,609.58,255,EXPIRED_SAME_DAY,-969.0,-0.003262,296060.74
2025-12-23,09:05 AM,09:15 AM,03:15 PM,APLAPOLLO,LONG,1863.3,1867.9,1826.03,1919.21,1956.48,79,EXPIRED_SAME_DAY,363.4,0.001227,296424.13
2025-12-24,09:05 AM,09:15 AM,01:30 PM,GROWW,LONG,161.6,169.68,158.37,166.45,169.68,917,HIT_T2,7409.35,0.024996,303833.49
2025-12-24,09:05 AM,09:15 AM,03:15 PM,APLAPOLLO,LONG,1868.0,1858.6,1830.64,1924.04,1961.4,81,EXPIRED_SAME_DAY,-761.4,-0.002506,303072.09
2025-12-24,09:05 AM,09:15 AM,03:15 PM,BEML,LONG,1831.93,1862.75,1795.29,1886.89,1923.53,82,EXPIRED_SAME_DAY,2527.05,0.008338,305599.14
2025-12-26,09:05 AM,09:15 AM,03:15 PM,GROWW,LONG,164.89,165.23,161.59,169.84,173.14,926,EXPIRED_SAME_DAY,314.84,0.00103,305913.98
2025-12-26,09:05 AM,09:15 AM,03:15 PM,BDL,LONG,1484.71,1472.66,1455.02,1529.25,1558.94,103,EXPIRED_SAME_DAY,-1241.54,-0.004058,304672.44
2025-12-26,09:05 AM,09:15 AM,03:15 PM,BEML,LONG,1872.82,1871.82,1835.36,1929.01,1966.47,81,EXPIRED_SAME_DAY,-80.95,-0.000266,304591.49
2025-12-29,09:05 AM,09:15 AM,11:15 AM,BELRISE,LONG,180.0,185.4,176.4,185.4,189.0,846,HIT_T1,4568.4,0.014998,309159.89
2025-12-29,09:05 AM,09:15 AM,10:45 AM,GROWW,LONG,165.6,162.29,162.29,170.57,173.88,934,HIT_SL,-3091.55,-0.01,306068.35
2025-12-29,09:05 AM,09:15 AM,10:45 AM,BEML,LONG,1884.69,1846.99,1846.99,1941.24,1978.94,81,HIT_SL,-3053.42,-0.009976,303014.93
2025-12-30,09:05 AM,09:15 AM,03:15 PM,BELRISE,LONG,182.3,181.74,178.65,187.78,191.43,830,EXPIRED_SAME_DAY,-464.8,-0.001534,302550.13
2025-12-30,09:05 AM,09:15 AM,03:15 PM,BEML,LONG,1845.99,1827.54,1809.07,1901.37,1938.29,81,EXPIRED_SAME_DAY,-1494.73,-0.00494,301055.4
2025-12-30,09:05 AM,09:15 AM,10:45 AM,BDL,LONG,1474.75,1445.25,1445.25,1519.0,1548.5,102,HIT_SL,-3008.92,-0.009995,298046.48
2025-12-31,09:05 AM,09:15 AM,03:15 PM,BELRISE,LONG,182.1,185.34,178.46,187.56,191.2,818,EXPIRED_SAME_DAY,2650.32,0.008892,300696.79
2025-12-31,09:05 AM,09:15 AM,10:45 AM,ABSLAMC,LONG,804.39,788.3,788.3,828.53,844.62,186,HIT_SL,-2993.25,-0.009954,297703.54
2025-12-31,09:05 AM,09:15 AM,11:15 AM,ATHERENERG,LONG,732.35,754.32,717.7,754.32,768.97,203,HIT_T1,4459.91,0.014981,302163.46
2026-01-01,09:05 AM,09:15 AM,03:15 PM,BELRISE,LONG,185.21,184.07,181.51,190.76,194.46,816,EXPIRED_SAME_DAY,-930.25,-0.003079,301233.21
2026-01-01,09:05 AM,09:15 AM,03:15 PM,AIIL,LONG,629.8,627.2,617.2,648.7,661.3,239,EXPIRED_SAME_DAY,-621.4,-0.002063,300611.82
2026-01-01,09:05 AM,09:15 AM,03:15 PM,MAHABANK,LONG,60.59,61.74,59.38,62.41,63.62,2484,EXPIRED_SAME_DAY,2854.54,0.009496,303466.36
2026-01-02,09:05 AM,09:15 AM,03:15 PM,MAHABANK,LONG,61.8,62.03,60.57,63.65,64.88,2467,EXPIRED_SAME_DAY,558.5,0.00184,304024.86
2026-01-02,09:05 AM,09:15 AM,03:15 PM,CIEINDIA,LONG,419.67,421.69,411.27,432.27,440.67,361,EXPIRED_SAME_DAY,730.45,0.002403,304755.31
2026-01-02,09:05 AM,09:15 AM,10:45 AM,ABSLAMC,LONG,817.66,801.31,801.31,842.19,858.54,186,HIT_SL,-3041.16,-0.009979,301714.15
2026-01-05,09:05 AM,09:15 AM,11:15 AM,MAHABANK,LONG,62.09,63.95,60.85,63.95,65.19,2433,HIT_T1,4514.0,0.014961,306228.15
2026-01-05,09:05 AM,09:15 AM,10:45 AM,AJANTPHARM,LONG,2950.37,2891.36,2891.36,3038.89,3097.9,51,HIT_SL,-3009.6,-0.009828,303218.55
2026-01-05,09:05 AM,09:15 AM,03:15 PM,BOSCHLTD,LONG,38754.97,38913.93,37979.87,39917.62,40692.72,3,EXPIRED_SAME_DAY,476.87,0.001573,303695.42
2026-01-06,09:05 AM,09:15 AM,10:45 AM,CIEINDIA,LONG,425.88,417.36,417.36,438.66,447.18,356,HIT_SL,-3032.16,-0.009984,300663.26
2026-01-06,09:05 AM,09:15 AM,03:15 PM,MAHABANK,LONG,62.58,62.52,61.33,64.45,65.7,2405,EXPIRED_SAME_DAY,-143.81,-0.000478,300519.46
2026-01-06,09:05 AM,09:15 AM,03:15 PM,BOSCHLTD,LONG,38456.93,38705.3,37687.79,39610.64,40379.78,3,EXPIRED_SAME_DAY,745.11,0.002479,301264.56
2026-01-07,09:05 AM,09:15 AM,03:15 PM,CRISIL,LONG,4612.81,4670.33,4520.56,4751.19,4843.44,32,EXPIRED_SAME_DAY,1840.54,0.006109,303105.1
2026-01-07,09:05 AM,09:15 AM,03:15 PM,BOSCHLTD,LONG,38447.0,38889.09,37678.06,39600.41,40369.35,3,EXPIRED_SAME_DAY,1326.28,0.004376,304431.38
2026-01-07,09:05 AM,09:15 AM,03:15 PM,ASTRAL,LONG,1478.0,1502.6,1448.44,1522.34,1551.9,102,EXPIRED_SAME_DAY,2509.2,0.008242,306940.58
2026-01-08,09:05 AM,09:15 AM,03:15 PM,CRISIL,LONG,4669.94,4663.91,4576.54,4810.04,4903.44,32,EXPIRED_SAME_DAY,-192.91,-0.000629,306747.67
2026-01-08,09:05 AM,09:15 AM,03:15 PM,BOSCHLTD,LONG,38769.87,38407.26,37994.47,39932.97,40708.37,3,EXPIRED_SAME_DAY,-1087.83,-0.003546,305659.83
2026-01-08,09:05 AM,09:15 AM,10:45 AM,ASTRAL,LONG,1502.6,1472.55,1472.55,1547.67,1577.72,101,HIT_SL,-3035.05,-0.009929,302624.79
2026-01-09,09:05 AM,09:15 AM,03:15 PM,CRISIL,LONG,4645.13,4687.43,4552.23,4784.48,4877.38,32,EXPIRED_SAME_DAY,1353.55,0.004473,303978.34
2026-01-09,09:05 AM,09:15 AM,10:45 AM,BOSCHLTD,LONG,38248.3,37483.34,37483.34,39395.74,40160.7,3,HIT_SL,-2294.89,-0.00755,301683.45
2026-01-09,09:05 AM,09:15 AM,03:15 PM,ALKEM,LONG,5719.08,5742.35,5604.7,5890.65,6005.03,26,EXPIRED_SAME_DAY,605.09,0.002006,302288.54
2026-01-12,09:05 AM,09:15 AM,03:15 PM,CRISIL,LONG,4687.63,4701.66,4593.88,4828.25,4922.0,32,EXPIRED_SAME_DAY,448.97,0.001485,302737.51
2026-01-12,09:05 AM,09:15 AM,10:45 AM,BEL,LONG,417.72,409.37,409.37,430.25,438.6,362,HIT_SL,-3023.31,-0.009987,299714.2
2026-01-12,09:05 AM,09:15 AM,03:15 PM,ALKEM,LONG,5742.35,5809.68,5627.5,5914.62,6029.47,26,EXPIRED_SAME_DAY,1750.63,0.005841,301464.84
2026-01-13,09:05 AM,09:15 AM,03:15 PM,CRISIL,LONG,4694.55,4759.38,4600.66,4835.38,4929.27,32,EXPIRED_SAME_DAY,2074.62,0.006882,303539.46
2026-01-13,09:05 AM,09:15 AM,03:15 PM,ALKEM,LONG,5849.29,5806.22,5732.31,6024.76,6141.74,25,EXPIRED_SAME_DAY,-1076.82,-0.003548,302462.64
2026-01-13,09:05 AM,09:15 AM,03:15 PM,DMART,LONG,3851.5,3826.9,3774.47,3967.04,4044.08,39,EXPIRED_SAME_DAY,-959.4,-0.003172,301503.24
2026-01-14,09:05 AM,09:15 AM,11:15 AM,AIIL,LONG,645.0,664.35,632.1,664.35,677.25,233,HIT_T1,4508.55,0.014954,306011.79
2026-01-14,09:05 AM,09:15 AM,11:15 AM,GROWW,LONG,163.5,168.4,160.23,168.4,171.68,935,HIT_T1,4581.5,0.014972,310593.29
2026-01-14,09:05 AM,09:15 AM,03:15 PM,CCL,LONG,964.4,956.82,945.11,993.33,1012.62,161,EXPIRED_SAME_DAY,-1219.6,-0.003927,309373.69
2026-01-15,09:05 AM,09:15 AM,03:15 PM,AIIL,LONG,666.5,666.5,653.17,686.5,699.82,232,EXPIRED_SAME_DAY,0.0,0.0,309373.69
2026-01-15,09:05 AM,09:15 AM,03:15 PM,MAHABANK,LONG,63.94,63.94,62.66,65.86,67.14,2416,EXPIRED_SAME_DAY,4.55,1.5e-05,309378.23
2026-01-15,09:05 AM,09:15 AM,03:15 PM,BSE,LONG,2829.35,2829.35,2772.76,2914.23,2970.82,54,EXPIRED_SAME_DAY,0.22,1e-06,309378.45
2026-01-19,09:05 AM,09:15 AM,10:45 AM,ANGELONE,LONG,271.26,265.84,265.84,279.39,284.81,570,HIT_SL,-3091.45,-0.009992,306287.01
2026-01-19,09:05 AM,09:15 AM,10:45 AM,GROWW,LONG,173.2,169.74,169.74,178.39,181.85,885,HIT_SL,-3062.1,-0.009997,303224.91
2026-01-19,09:05 AM,09:15 AM,11:15 AM,BANKINDIA,LONG,152.61,157.19,149.56,157.19,160.24,994,HIT_T1,4547.84,0.014998,307772.75
2026-01-20,09:05 AM,09:15 AM,10:45 AM,ANGELONE,LONG,264.3,259.01,259.01,272.23,277.52,581,HIT_SL,-3072.35,-0.009983,304700.4
2026-01-20,09:05 AM,09:15 AM,10:45 AM,BANKINDIA,LONG,157.89,154.73,154.73,162.63,165.79,964,HIT_SL,-3048.46,-0.010005,301651.94
2026-01-20,09:05 AM,09:15 AM,10:45 AM,MAHABANK,LONG,65.35,64.05,64.05,67.3,68.6,2320,HIT_SL,-3024.13,-0.010025,298627.81
2026-07-03,09:05 AM,09:15 AM,11:15 AM,AEGISLOG,LONG,1288.73,1327.39,1262.96,1327.39,1353.16,115,HIT_T1,4445.55,0.014887,303073.37
2026-07-03,09:05 AM,09:15 AM,10:45 AM,ATHERENERG,LONG,1149.2,1126.22,1126.22,1183.67,1206.65,131,HIT_SL,-3010.37,-0.009933,300062.99
2026-07-03,09:05 AM,09:15 AM,03:15 PM,ACUTAAS,LONG,3709.0,3694.8,3634.82,3820.27,3894.45,40,EXPIRED_SAME_DAY,-568.0,-0.001893,299494.99
2026-07-06,09:05 AM,09:15 AM,01:30 PM,AEGISLOG,LONG,1308.03,1373.43,1281.87,1347.27,1373.43,114,HIT_T2,7455.58,0.024894,306950.57
2026-07-06,09:05 AM,09:15 AM,03:15 PM,ATHERENERG,LONG,1135.5,1125.4,1112.79,1169.56,1192.28,135,EXPIRED_SAME_DAY,-1363.5,-0.004442,305587.07
2026-07-06,09:05 AM,09:15 AM,10:45 AM,ACUTAAS,LONG,3694.8,3620.9,3620.9,3805.65,3879.55,41,HIT_SL,-3029.9,-0.009915,302557.17
2026-07-07,09:05 AM,09:15 AM,01:30 PM,AEGISVOPAK,LONG,274.8,288.55,269.3,283.05,288.55,550,HIT_T2,7562.28,0.024995,310119.45
2026-07-07,09:05 AM,09:15 AM,10:45 AM,AEGISLOG,LONG,1396.66,1368.72,1368.72,1438.57,1466.51,110,HIT_SL,-3073.18,-0.00991,307046.27
2026-07-07,09:05 AM,09:15 AM,11:15 AM,MAPMYINDIA,LONG,944.23,972.56,925.34,972.56,991.45,162,HIT_T1,4589.68,0.014948,311635.95
2026-07-08,09:05 AM,09:15 AM,10:45 AM,AEGISVOPAK,LONG,288.19,282.43,282.43,296.83,302.59,541,HIT_SL,-3116.52,-0.010001,308519.43
2026-07-08,09:05 AM,09:15 AM,10:45 AM,MAPMYINDIA,LONG,946.02,927.1,927.1,974.4,993.32,163,HIT_SL,-3084.51,-0.009998,305434.92
2026-07-08,09:05 AM,09:15 AM,10:45 AM,AEGISLOG,LONG,1357.57,1330.41,1330.41,1398.31,1425.47,112,HIT_SL,-3041.5,-0.009958,302393.42
2026-07-09,09:05 AM,09:15 AM,10:45 AM,AEGISVOPAK,LONG,281.23,275.6,275.6,289.67,295.3,537,HIT_SL,-3021.0,-0.00999,299372.42
2026-07-09,09:05 AM,09:15 AM,01:30 PM,MAPMYINDIA,LONG,927.28,973.65,908.73,955.1,973.65,161,HIT_T2,7465.82,0.024938,306838.24
2026-07-09,09:05 AM,09:15 AM,10:45 AM,ADANIENSOL,LONG,1660.5,1627.29,1627.29,1710.32,1743.52,92,HIT_SL,-3055.32,-0.009957,303782.92
2026-07-10,09:05 AM,09:15 AM,11:15 AM,AEGISVOPAK,LONG,279.9,288.3,274.3,288.3,293.9,542,HIT_T1,4552.8,0.014987,308335.72
2026-07-10,09:05 AM,09:15 AM,11:15 AM,MAPMYINDIA,LONG,1071.8,1103.95,1050.37,1103.95,1125.38,143,HIT_T1,4596.84,0.014909,312932.57
2026-07-10,09:05 AM,09:15 AM,03:15 PM,BHARTIHEXA,LONG,1569.83,1587.24,1538.43,1616.93,1648.33,99,EXPIRED_SAME_DAY,1723.79,0.005508,314656.35
2026-07-13,09:05 AM,09:15 AM,01:30 PM,MAPMYINDIA,LONG,1064.97,1118.22,1043.67,1096.92,1118.22,147,HIT_T2,7827.12,0.024875,322483.48
2026-07-13,09:05 AM,09:15 AM,03:15 PM,BLUEJET,LONG,605.0,606.3,592.9,623.15,635.25,266,EXPIRED_SAME_DAY,345.8,0.001072,322829.28
2026-07-13,09:05 AM,09:15 AM,03:15 PM,BRIGADE,LONG,568.04,567.74,556.67,585.09,596.46,283,EXPIRED_SAME_DAY,-83.53,-0.000259,322745.75
2026-07-14,09:05 AM,09:15 AM,11:15 AM,MAPMYINDIA,LONG,1174.55,1209.79,1151.06,1209.79,1233.28,137,HIT_T1,4827.51,0.014958,327573.26
2026-07-14,09:05 AM,09:15 AM,10:45 AM,AEGISVOPAK,LONG,302.83,296.77,296.77,311.92,317.98,540,HIT_SL,-3272.39,-0.00999,324300.87
2026-07-14,09:05 AM,09:15 AM,11:15 AM,BHARTIHEXA,LONG,1562.41,1609.28,1531.16,1609.28,1640.53,103,HIT_T1,4827.65,0.014886,329128.52
2026-07-15,09:05 AM,09:15 AM,10:45 AM,MAPMYINDIA,LONG,1176.55,1153.02,1153.02,1211.84,1235.37,139,HIT_SL,-3270.22,-0.009936,325858.3
2026-07-15,09:05 AM,09:15 AM,03:15 PM,BLUESTARCO,LONG,1744.44,1745.34,1709.56,1796.76,1831.64,93,EXPIRED_SAME_DAY,83.25,0.000255,325941.55
2026-07-15,09:05 AM,09:15 AM,10:45 AM,BHARTIHEXA,LONG,1616.22,1583.89,1583.89,1664.71,1697.04,100,HIT_SL,-3232.77,-0.009918,322708.78
2026-07-16,09:05 AM,09:15 AM,03:15 PM,MAPMYINDIA,LONG,1167.07,1175.25,1143.73,1202.08,1225.42,138,EXPIRED_SAME_DAY,1128.2,0.003496,323836.98
2026-07-16,09:05 AM,09:15 AM,10:45 AM,GROWW,LONG,219.69,215.3,215.3,226.28,230.67,737,HIT_SL,-3235.43,-0.009991,320601.55
2026-07-16,09:05 AM,09:15 AM,10:45 AM,BRIGADE,LONG,569.03,557.65,557.65,586.1,597.48,281,HIT_SL,-3198.25,-0.009976,317403.3
2026-07-17,09:05 AM,09:15 AM,10:45 AM,BHEL,LONG,445.0,436.1,436.1,458.35,467.25,356,HIT_SL,-3168.4,-0.009982,314234.9
2026-07-17,09:05 AM,09:15 AM,10:45 AM,ABB,LONG,7578.29,7426.72,7426.72,7805.64,7957.21,20,HIT_SL,-3031.31,-0.009647,311203.59
2026-07-17,09:05 AM,09:15 AM,03:15 PM,MAPMYINDIA,LONG,1175.45,1169.62,1151.94,1210.72,1234.23,132,EXPIRED_SAME_DAY,-769.57,-0.002473,310434.02
2026-07-20,09:05 AM,09:15 AM,10:45 AM,AIIL,LONG,564.4,553.11,553.11,581.34,592.63,274,HIT_SL,-3093.47,-0.009965,307340.56
2026-07-20,09:05 AM,09:15 AM,03:15 PM,ABB,LONG,7408.29,7429.54,7260.12,7630.54,7778.71,20,EXPIRED_SAME_DAY,425.06,0.001383,307765.62
2026-07-20,09:05 AM,09:15 AM,10:45 AM,MAPMYINDIA,LONG,1169.57,1146.18,1146.18,1204.65,1228.04,131,HIT_SL,-3063.73,-0.009955,304701.89
2026-07-21,09:05 AM,09:15 AM,03:15 PM,ABB,LONG,7437.94,7444.36,7289.18,7661.08,7809.84,20,EXPIRED_SAME_DAY,128.45,0.000422,304830.34
2026-07-21,09:05 AM,09:15 AM,10:45 AM,ATHERENERG,LONG,1302.7,1276.65,1276.65,1341.77,1367.82,117,HIT_SL,-3047.84,-0.009998,301782.5
2026-07-21,09:05 AM,09:15 AM,10:45 AM,AEGISLOG,LONG,1383.9,1356.22,1356.22,1425.42,1453.1,109,HIT_SL,-3017.12,-0.009998,298765.38
2026-07-22,09:05 AM,09:15 AM,10:45 AM,AIIL,LONG,563.9,552.62,552.62,580.82,592.1,264,HIT_SL,-2977.93,-0.009967,295787.45
2026-07-22,09:05 AM,09:15 AM,03:15 PM,ABB,LONG,7444.36,7418.66,7295.47,7667.7,7816.59,19,EXPIRED_SAME_DAY,-488.34,-0.001651,295299.11
2026-07-22,09:05 AM,09:15 AM,03:15 PM,AEGISLOG,LONG,1340.0,1351.3,1313.2,1380.2,1407.0,110,EXPIRED_SAME_DAY,1243.0,0.004209,296542.11
2026-07-23,09:05 AM,09:15 AM,10:45 AM,AIIL,LONG,543.0,532.14,532.14,559.29,570.15,273,HIT_SL,-2964.78,-0.009998,293577.33
2026-07-23,09:05 AM,09:15 AM,10:45 AM,ANANTRAJ,LONG,613.99,601.71,601.71,632.41,644.69,239,HIT_SL,-2935.19,-0.009998,290642.14
2026-07-23,09:05 AM,09:15 AM,10:45 AM,CRISIL,LONG,4504.61,4414.52,4414.52,4639.75,4729.84,32,HIT_SL,-2883.01,-0.009919,287759.14
2026-07-24,09:05 AM,09:15 AM,10:45 AM,AEGISVOPAK,LONG,290.0,284.2,284.2,298.7,304.5,496,HIT_SL,-2876.8,-0.009997,284882.34
2026-07-24,09:05 AM,09:15 AM,03:15 PM,BAJAJ-AUTO,LONG,11229.0,11130.0,11004.42,11565.87,11790.45,12,EXPIRED_SAME_DAY,-1188.0,-0.00417,283694.34
2026-07-24,09:05 AM,09:15 AM,10:45 AM,AEGISLOG,LONG,1360.0,1332.8,1332.8,1400.8,1428.0,104,HIT_SL,-2828.8,-0.009971,280865.54
2026-07-27,09:05 AM,09:15 AM,11:15 AM,AEGISVOPAK,LONG,294.74,303.57,288.85,303.57,309.46,476,HIT_T1,4203.08,0.014965,285068.62
2026-07-27,09:05 AM,09:15 AM,03:15 PM,BAJAJ-AUTO,LONG,11200.5,11183.5,10976.49,11536.52,11760.52,12,EXPIRED_SAME_DAY,-204.0,-0.000716,284864.62
2026-07-27,09:05 AM,09:15 AM,10:45 AM,ASTRAL,LONG,1480.0,1450.4,1450.4,1524.4,1554.0,96,HIT_SL,-2841.6,-0.009975,282023.02
2026-07-28,09:05 AM,09:15 AM,10:45 AM,ATUL,LONG,6795.0,6659.1,6659.1,6998.85,7134.75,20,HIT_SL,-2718.0,-0.009638,279305.02
2026-07-28,09:05 AM,09:15 AM,10:45 AM,AEGISVOPAK,LONG,300.0,294.0,294.0,309.0,315.0,465,HIT_SL,-2790.0,-0.009989,276515.02
2026-07-28,09:05 AM,09:15 AM,03:15 PM,ACE,LONG,1060.0,1077.6,1038.8,1091.8,1113.0,130,EXPIRED_SAME_DAY,2288.0,0.008274,278803.02
2026-07-29,09:05 AM,09:15 AM,03:15 PM,BAJAJ-AUTO,LONG,11440.0,11338.0,11211.2,11783.2,12012.0,12,EXPIRED_SAME_DAY,-1224.0,-0.00439,277579.02
2026-07-29,09:05 AM,09:15 AM,03:15 PM,ATUL,LONG,6748.0,6798.5,6613.04,6950.44,7085.4,20,EXPIRED_SAME_DAY,1010.0,0.003639,278589.02
2026-07-29,09:05 AM,09:15 AM,03:15 PM,AFFLE,LONG,1635.0,1654.3,1602.3,1684.05,1716.75,85,EXPIRED_SAME_DAY,1640.5,0.005889,280229.52
2026-07-30,09:05 AM,09:15 AM,03:15 PM,MAPMYINDIA,LONG,1161.59,1181.28,1138.36,1196.44,1219.67,120,EXPIRED_SAME_DAY,2362.71,0.008431,282592.23
2026-07-30,09:05 AM,09:15 AM,03:15 PM,ATUL,LONG,6790.0,6803.0,6654.2,6993.7,7129.5,20,EXPIRED_SAME_DAY,260.0,0.00092,282852.23
2026-07-30,09:05 AM,09:15 AM,03:15 PM,AFFLE,LONG,1644.9,1622.7,1612.0,1694.25,1727.15,85,EXPIRED_SAME_DAY,-1887.0,-0.006671,280965.23
2026-07-31,09:05 AM,09:15 AM,01:30 PM,BALKRISIND,LONG,2325.76,2442.04,2279.25,2395.53,2442.04,60,HIT_T2,6976.73,0.024831,287941.96
2026-07-31,09:05 AM,09:15 AM,10:45 AM,AFFLE,LONG,1634.6,1601.91,1601.91,1683.63,1716.32,88,HIT_SL,-2876.72,-0.009991,285065.24
2026-07-31,09:05 AM,09:15 AM,03:15 PM,ATUL,LONG,6820.0,6736.5,6683.6,7024.6,7161.0,20,EXPIRED_SAME_DAY,-1670.0,-0.005858,283395.24
2026-08-03,09:05 AM,09:15 AM,03:15 PM,BALKRISIND,LONG,2474.52,2488.2,2425.03,2548.76,2598.25,57,EXPIRED_SAME_DAY,779.65,0.002751,284174.89
2026-08-03,09:05 AM,09:15 AM,10:45 AM,BAJFINANCE,LONG,1176.3,1152.77,1152.77,1211.6,1235.13,120,HIT_SL,-2823.61,-0.009936,281351.28
2026-08-03,09:05 AM,09:15 AM,10:45 AM,BLUEJET,LONG,633.0,620.34,620.34,651.99,664.65,222,HIT_SL,-2810.52,-0.009989,278540.76
2026-08-04,09:05 AM,09:15 AM,10:45 AM,BALKRISIND,LONG,2479.7,2430.11,2430.11,2554.08,2603.67,56,HIT_SL,-2777.04,-0.00997,275763.73
2026-08-04,09:05 AM,09:15 AM,03:15 PM,ASHOKLEY,LONG,175.0,172.08,171.5,180.25,183.75,787,EXPIRED_SAME_DAY,-2298.04,-0.008333,273465.69
2026-08-04,09:05 AM,09:15 AM,03:15 PM,AFFLE,LONG,1667.0,1683.3,1633.66,1717.01,1750.35,82,EXPIRED_SAME_DAY,1336.6,0.004888,274802.29
2026-08-05,09:05 AM,09:15 AM,11:15 AM,BALKRISIND,LONG,2469.8,2543.9,2420.4,2543.9,2593.3,55,HIT_T1,4075.5,0.014831,278877.78
2026-08-05,09:05 AM,09:15 AM,10:45 AM,ATHERENERG,LONG,1465.0,1435.7,1435.7,1508.95,1538.25,95,HIT_SL,-2783.5,-0.009981,276094.28
2026-08-05,09:05 AM,09:15 AM,03:15 PM,APARINDS,LONG,15737.0,15666.0,15422.26,16209.11,16523.85,8,EXPIRED_SAME_DAY,-568.0,-0.002057,275526.28
2026-08-06,09:05 AM,09:15 AM,10:45 AM,BALKRISIND,LONG,2488.0,2438.24,2438.24,2562.64,2612.4,55,HIT_SL,-2736.8,-0.009933,272789.48
2026-08-06,09:05 AM,09:15 AM,10:45 AM,ATHERENERG,LONG,1470.8,1441.38,1441.38,1514.93,1544.35,92,HIT_SL,-2706.64,-0.009922,270082.84
2026-08-06,09:05 AM,09:15 AM,11:15 AM,APARINDS,LONG,15711.0,16182.33,15396.78,16182.33,16496.55,8,HIT_T1,3770.64,0.013961,273853.48
2026-08-07,09:05 AM,09:15 AM,11:15 AM,APARINDS,LONG,16126.0,16609.78,15803.48,16609.78,16932.3,8,HIT_T1,3870.24,0.014133,277723.72
2026-08-07,09:05 AM,09:15 AM,11:15 AM,ATHERENERG,LONG,1450.0,1493.5,1421.0,1493.5,1522.5,95,HIT_T1,4132.5,0.01488,281856.22
2026-08-07,09:05 AM,09:15 AM,03:15 PM,ASHOKLEY,LONG,177.0,177.5,173.46,182.31,185.85,796,EXPIRED_SAME_DAY,398.0,0.001412,282254.22
2026-08-10,09:05 AM,09:15 AM,10:45 AM,ATHERENERG,LONG,1488.0,1458.24,1458.24,1532.64,1562.4,94,HIT_SL,-2797.44,-0.009911,279456.78
2026-08-10,09:05 AM,09:15 AM,03:15 PM,APARINDS,LONG,16660.0,16448.0,16326.8,17159.8,17493.0,8,EXPIRED_SAME_DAY,-1696.0,-0.006069,277760.78
2026-08-10,09:05 AM,09:15 AM,10:45 AM,AIIL,LONG,596.55,584.62,584.62,614.44,626.37,232,HIT_SL,-2767.76,-0.009965,274993.02
